Rk,Player,Pos,Age,Tm,G,MP,PER,TS%,3PAr,FTr,ORB%,DRB%,TRB%,AST%,STL%,BLK%,TOV%,USG%,,OWS,DWS,WS,WS/48,,OBPM,DBPM,BPM,VORP
1,Steven Adams\adamsst01,C,26,OKC,12,316,16.2,.537,.000,.356,11.7,24.3,18.2,16.3,0.9,2.1,15.2,16.5,,0.4,0.4,0.8,.121,,-1.0,2.5,1.5,0.3
2,Bam Adebayo\adebaba01,C,22,MIA,15,477,20.9,.631,.048,.698,8.6,26.7,18.2,20.5,2.6,3.9,19.5,18.4,,1.0,1.1,2.1,.216,,0.7,5.6,6.3,1.0
3,LaMarcus Aldridge\aldrila01,C,34,SAS,17,556,20.1,.577,.107,.236,6.8,15.5,11.0,11.5,0.9,4.4,10.1,22.4,,1.1,0.3,1.4,.121,,0.9,0.1,1.0,0.4
4,Nickeil Alexander-Walker\alexani01,SG,21,NOP,16,230,7.3,.436,.545,.125,0.9,16.1,8.2,21.5,1.0,0.8,14.5,24.3,,-0.3,0.0,-0.3,-0.062,,-3.8,-3.1,-6.8,-0.3
5,Grayson Allen\allengr01,SG,24,MEM,5,84,6.1,.459,.543,.343,1.3,11.5,6.4,13.0,1.1,0.0,14.8,23.3,,-0.1,0.0,-0.1,-0.061,,-4.1,-3.9,-8.0,-0.1
6,Jarrett Allen\allenja01,C,21,BRK,16,415,19.9,.662,.010,.657,12.0,25.9,19.0,5.1,1.1,4.1,13.2,15.1,,1.1,0.6,1.7,.191,,-0.4,1.7,1.2,0.3
7,Al-Farouq Aminu\aminual01,PF,29,ORL,15,322,9.1,.434,.400,.386,7.2,19.2,12.9,7.4,2.1,1.9,15.5,13.0,,-0.2,0.5,0.3,.050,,-3.9,2.5,-1.4,0.1
8,Kyle Anderson\anderky01,PF,26,MEM,15,319,15.1,.554,.184,.322,5.0,18.6,11.7,17.8,1.6,3.3,12.4,14.7,,0.4,0.2,0.7,.098,,-0.9,1.5,0.7,0.2
9,Ryan Anderson\anderry01,PF,31,HOU,2,14,9.8,.357,.714,.000,0.0,50.6,25.3,20.6,3.3,0.0,12.5,23.1,,0.0,0.0,0.0,-0.025,,-6.7,2.1,-4.5,0.0
10,Giannis Antetokounmpo\antetgi01,PF,25,MIL,16,522,32.0,.613,.231,.574,7.8,32.6,20.8,34.9,2.2,3.6,15.7,36.1,,1.7,1.3,3.1,.281,,6.8,5.6,12.3,1.9
11,Kostas Antetokounmpo\antetko01,PF,22,LAL,2,3,3.9,,,,0.0,36.2,18.3,0.0,0.0,0.0,,0.0,,0.0,0.0,0.0,.081,,-9.4,-0.8,-10.3,0.0
12,Thanasis Antetokounmpo\antetth01,SF,27,MIL,3,13,8.1,.500,.000,.000,15.7,0.0,7.5,10.3,0.0,0.0,20.0,15.6,,0.0,0.0,0.0,.055,,-2.2,-2.4,-4.6,0.0
13,Carmelo Anthony\anthoca01,PF,35,POR,3,87,5.0,.418,.364,.136,3.5,11.7,7.6,8.5,1.1,0.9,14.6,26.1,,-0.3,0.0,-0.2,-0.125,,-6.4,-2.9,-9.4,-0.2
14,OG Anunoby\anunoog01,SF,22,TOR,14,408,15.8,.664,.441,.119,3.5,14.3,9.3,7.5,1.5,3.0,10.1,14.4,,0.8,0.7,1.4,.168,,1.7,2.6,4.3,0.6
15,Ryan Arcidiacono\arcidry01,PG,25,CHI,17,304,10.8,.586,.631,.292,3.3,7.8,5.4,15.0,1.5,0.3,9.8,11.0,,0.5,0.2,0.7,.117,,0.2,-0.8,-0.6,0.1
16,Trevor Ariza\arizatr01,SF,34,SAC,11,227,6.9,.520,.762,.119,2.0,17.6,9.6,5.4,1.9,0.0,13.7,9.8,,0.0,0.2,0.2,.036,,-2.0,-0.1,-2.1,0.0
17,D.J. Augustin\augusdj01,PG,32,ORL,15,381,12.7,.501,.341,.240,1.8,6.7,4.1,26.6,0.9,0.0,10.6,18.1,,0.4,0.3,0.6,.081,,-0.8,-2.5,-3.4,-0.1
18,Deandre Ayton\aytonde01,C,21,PHO,1,33,26.6,.643,.000,.000,9.9,26.8,18.2,0.0,1.4,10.5,0.0,18.1,,0.1,0.1,0.2,.233,,-2.4,0.5,-1.9,0.0
19,Dwayne Bacon\bacondw01,SG,24,CHO,13,282,6.0,.418,.281,.198,2.7,11.4,6.9,9.7,1.7,0.6,12.0,22.8,,-0.6,0.1,-0.5,-0.082,,-6.2,-2.3,-8.5,-0.5
20,Marvin Bagley\baglema01,PF,20,SAC,1,28,14.1,.394,.000,.250,16.0,25.2,20.5,0.0,1.7,3.3,5.3,29.0,,-0.1,0.0,0.0,-0.039,,-10.2,-7.2,-17.3,-0.1
21,Lonzo Ball\balllo01,PG,22,NOP,11,298,13.2,.494,.588,.084,3.4,12.8,7.9,29.0,2.1,0.6,17.4,20.3,,0.1,0.1,0.2,.035,,0.3,-1.6,-1.3,0.1
22,Mo Bamba\bambamo01,C,21,ORL,13,183,7.4,.399,.354,.092,8.2,25.3,16.4,5.0,0.8,7.2,18.2,19.5,,-0.5,0.3,-0.1,-0.037,,-8.0,2.7,-5.3,-0.2
23,J.J. Barea\bareajo01,PG,35,DAL,2,28,30.0,.773,.500,.143,3.8,3.6,3.7,29.9,1.7,3.0,21.2,28.4,,0.1,0.0,0.1,.247,,7.0,-3.1,3.9,0.0
24,Harrison Barnes\barneha02,PF,27,SAC,15,511,16.4,.620,.360,.378,3.5,13.1,8.2,8.8,1.4,0.5,9.9,18.0,,1.1,0.2,1.3,.125,,1.9,-1.1,0.7,0.4
25,RJ Barrett\barrerj01,SG,19,NYK,16,534,11.8,.466,.220,.372,4.1,14.3,9.0,17.6,2.0,1.3,14.2,24.1,,-0.5,0.4,-0.1,-0.009,,-2.9,-0.2,-3.1,-0.1
26,Will Barton\bartowi01,SF,29,DEN,13,414,18.1,.561,.350,.215,6.2,17.0,11.4,14.5,1.5,1.4,7.8,20.0,,0.8,0.7,1.5,.173,,2.0,1.2,3.3,0.5
27,Keita Bates-Diop\bateske01,SF,24,MIN,5,75,12.4,.630,.583,.208,1.4,12.2,6.8,3.9,0.6,2.1,10.3,15.8,,0.1,0.1,0.1,.095,,-1.3,-1.8,-3.1,0.0
28,Nicolas Batum\batumni01,SF,31,CHO,6,135,9.2,.600,.933,.000,3.2,23.0,12.7,25.3,0.7,1.9,42.3,8.3,,0.1,0.1,0.1,.047,,-3.0,0.4,-2.6,0.0
29,Aron Baynes\baynear01,C,33,PHO,12,288,22.4,.679,.456,.281,6.8,18.8,12.7,20.9,0.6,2.7,9.2,20.9,,1.1,0.3,1.4,.239,,6.0,0.6,6.6,0.6
30,Kent Bazemore\bazemke01,SF,30,POR,17,389,8.1,.460,.485,.216,1.3,17.2,9.2,11.6,1.7,2.7,15.5,18.5,,-0.4,0.3,-0.1,-0.014,,-3.9,0.9,-3.0,-0.1
31,Darius Bazley\bazleda01,PF,19,OKC,15,262,8.7,.559,.533,.200,2.1,20.5,11.6,5.0,0.9,1.6,17.7,13.3,,-0.1,0.3,0.2,.041,,-3.6,0.4,-3.1,-0.1
32,Bradley Beal\bealbr01,SG,26,WAS,14,523,22.7,.583,.373,.296,3.0,10.4,6.6,28.8,1.1,0.5,11.7,31.4,,1.5,-0.1,1.5,.136,,5.2,-3.4,1.8,0.5
33,Malik Beasley\beaslma01,SG,23,DEN,11,164,7.4,.490,.492,.046,2.5,7.2,4.8,8.9,1.8,1.1,16.4,20.7,,-0.2,0.2,0.0,.001,,-3.5,-0.7,-4.3,-0.1
34,Marco Belinelli\belinma01,SG,33,SAS,17,286,4.7,.386,.486,.150,0.4,9.2,4.7,12.2,0.8,0.0,7.3,18.0,,-0.4,0.0,-0.4,-0.070,,-4.3,-3.9,-8.1,-0.4
35,Jordan Bell\belljo01,C,25,MIN,7,67,13.9,.591,.167,.611,13.7,33.3,23.5,13.0,0.0,3.6,34.4,21.1,,-0.1,0.1,0.0,.015,,-5.9,1.3,-4.6,0.0
36,DeAndre' Bembry\bembrde01,SG,25,ATL,16,417,13.1,.576,.194,.286,4.3,13.6,9.0,17.5,2.9,1.5,20.2,13.8,,0.2,0.2,0.5,.056,,-0.8,0.7,0.0,0.2
37,Dragan Bender\bendedr01,SF,22,MIL,1,2,2.4,,,,0.0,0.0,0.0,55.7,0.0,42.9,100.0,20.3,,0.0,0.0,0.0,-0.209,,-28.2,11.0,-17.2,0.0
38,Dāvis Bertāns\bertada01,PF,27,WAS,14,391,15.3,.644,.779,.088,2.4,15.6,8.9,8.4,1.1,1.3,6.6,15.8,,0.9,0.0,0.9,.114,,3.7,-1.9,1.8,0.4
39,Patrick Beverley\beverpa01,PG,31,LAC,15,452,9.9,.474,.570,.167,4.7,17.7,11.4,12.6,2.4,1.8,15.2,13.1,,0.0,0.8,0.8,.089,,-0.8,3.4,2.6,0.5
40,Khem Birch\birchkh01,C,27,ORL,6,92,6.6,.480,.063,.688,6.6,14.4,10.3,1.6,0.5,0.0,8.8,10.7,,0.0,0.1,0.1,.042,,-5.2,-1.3,-6.5,-0.1
41,Goga Bitadze\bitadgo01,C,20,IND,10,170,16.3,.599,.239,.326,8.3,17.7,13.0,9.7,0.3,8.9,14.6,15.5,,0.3,0.3,0.6,.170,,-1.2,4.8,3.7,0.2
42,Bismack Biyombo\biyombi01,C,27,CHO,15,208,20.7,.623,.000,.750,9.8,17.7,13.6,7.8,1.4,4.2,8.6,19.2,,0.6,0.2,0.7,.167,,-0.1,0.2,0.1,0.1
43,Nemanja Bjelica\bjeline01,PF,31,SAC,15,391,17.5,.636,.504,.065,7.7,21.3,14.4,13.5,2.0,1.4,14.2,16.4,,0.8,0.4,1.2,.145,,2.9,0.9,3.9,0.6
44,Eric Bledsoe\bledser01,PG,30,MIL,16,437,19.8,.560,.318,.283,4.0,14.6,9.5,29.2,1.3,1.0,13.5,27.0,,0.9,0.7,1.5,.169,,2.3,0.0,2.2,0.5
45,Bogdan Bogdanović\bogdabo01,SG,27,SAC,14,387,18.8,.582,.580,.213,0.6,11.5,5.9,27.7,2.7,0.2,12.3,23.6,,0.8,0.3,1.1,.136,,4.1,-1.8,2.4,0.4
46,Bojan Bogdanović\bogdabo02,SF,30,UTA,15,493,16.9,.604,.442,.240,2.3,11.0,6.9,11.6,1.1,0.7,13.4,26.2,,0.6,0.7,1.3,.130,,1.6,-0.4,1.2,0.4
47,Jonah Bolden\boldejo01,PF,24,PHI,2,5,7.8,.532,.000,2.000,0.0,0.0,0.0,0.0,9.5,0.0,34.7,24.3,,0.0,0.0,0.0,-0.196,,-9.3,4.0,-5.3,0.0
48,Jordan Bone\bonejo01,PG,22,DET,3,6,-16.3,.400,.200,.000,0.0,0.0,0.0,0.0,0.0,0.0,28.6,50.4,,-0.1,0.0,-0.1,-0.642,,-23.7,-11.2,-34.8,-0.1
49,Isaac Bonga\bongais01,SF,20,WAS,9,152,9.6,.543,.194,.290,4.9,14.6,9.6,9.3,2.1,0.6,14.6,11.0,,0.1,0.0,0.2,.053,,-1.5,0.0,-1.6,0.0
50,Devin Booker\bookede01,SG,23,PHO,16,562,19.3,.640,.307,.292,1.4,10.2,5.7,29.9,0.7,0.8,18.0,28.6,,1.2,0.4,1.6,.134,,3.4,-1.9,1.5,0.5
51,Chris Boucher\bouchch01,PF,27,TOR,13,163,22.4,.553,.313,.297,20.2,18.2,19.1,4.7,1.4,7.0,7.7,20.5,,0.4,0.3,0.8,.231,,1.4,2.3,3.7,0.2
52,Brian Bowen\bowenbr02,SG,21,IND,3,10,1.2,.250,.250,.000,0.0,10.7,5.4,0.0,0.0,8.9,0.0,17.2,,0.0,0.0,0.0,-0.112,,-12.2,0.6,-11.6,0.0
53,Ky Bowman\bowmaky01,PG,22,GSW,17,355,13.0,.556,.331,.074,1.8,9.5,5.6,17.7,2.3,0.2,11.4,16.6,,0.3,0.0,0.3,.046,,-0.4,-2.3,-2.8,-0.1
54,Avery Bradley\bradlav01,SG,29,LAL,10,274,10.5,.548,.333,.095,2.8,9.9,6.4,9.0,1.7,0.3,11.2,15.3,,0.2,0.4,0.6,.097,,-1.3,0.0,-1.3,0.1
55,Tony Bradley\bradlto01,C,22,UTA,11,113,18.7,.642,.000,.333,16.0,20.9,18.6,3.1,0.8,3.0,14.5,18.6,,0.3,0.2,0.5,.203,,-1.1,0.5,-0.6,0.0
56,Jarrell Brantley\brantja01,PF,23,UTA,1,5,21.6,,,,0.0,61.6,32.3,25.7,0.0,17.0,,0.0,,0.0,0.0,0.0,.290,,-7.2,16.4,9.3,0.0
57,Ignas Brazdeikis\brazdig01,SF,21,NYK,4,14,4.1,.381,.286,.286,0.0,0.0,0.0,11.2,0.0,7.1,11.3,27.0,,0.0,0.0,0.0,-0.139,,-10.0,-5.0,-15.1,0.0
58,Mikal Bridges\bridgmi01,SF,23,PHO,16,328,13.1,.547,.351,.392,4.3,15.8,10.0,7.5,3.6,1.1,8.4,12.3,,0.3,0.6,0.9,.132,,-0.6,2.9,2.3,0.4
59,Miles Bridges\bridgmi02,SF,21,CHO,17,539,12.1,.549,.402,.116,4.4,15.0,9.5,9.2,0.8,2.3,13.5,18.3,,0.2,0.2,0.4,.033,,-1.4,-0.7,-2.1,0.0
60,Oshae Brissett\brissos01,SF,21,TOR,2,7,6.8,.500,.333,.000,0.0,0.0,0.0,0.0,0.0,0.0,0.0,18.3,,0.0,0.0,0.0,.010,,-4.0,-4.7,-8.7,0.0
61,Ryan Broekhoff\broekry01,SG,29,DAL,4,25,20.0,.750,.625,.000,0.0,20.2,10.4,16.6,1.9,0.0,11.1,15.1,,0.1,0.0,0.1,.216,,3.5,-0.9,2.5,0.0
62,Malcolm Brogdon\brogdma01,PG,27,IND,12,372,22.4,.573,.291,.274,2.0,14.7,8.4,40.7,1.6,0.7,14.9,27.2,,1.0,0.6,1.5,.197,,4.1,0.4,4.5,0.6
63,Dillon Brooks\brookdi01,SG,24,MEM,15,408,12.1,.522,.397,.207,3.6,9.5,6.6,10.7,1.7,1.5,9.3,21.8,,0.2,0.2,0.4,.043,,-0.5,-1.8,-2.3,0.0
64,Bruce Brown\brownbr01,SG,23,DET,16,436,8.8,.469,.225,.279,3.7,12.6,8.2,20.2,1.9,1.7,20.4,15.5,,-0.2,0.3,0.1,.016,,-3.0,0.6,-2.4,0.0
65,Charlie Brown\brownch02,SG,22,ATL,4,16,21.9,.735,.333,1.333,14.0,7.0,10.5,0.0,0.0,5.8,0.0,12.4,,0.1,0.0,0.1,.249,,2.4,-4.5,-2.1,0.0
66,Jaylen Brown\brownja02,SF,23,BOS,12,399,16.8,.558,.311,.283,3.6,18.8,11.3,11.4,1.6,0.7,9.0,23.7,,0.5,0.7,1.1,.137,,0.2,0.5,0.8,0.3
67,Moses Brown\brownmo01,C,20,POR,2,5,-1.0,.000,.000,.000,0.0,60.8,30.4,0.0,0.0,0.0,0.0,8.3,,0.0,0.0,0.0,-0.120,,-18.2,-5.0,-23.2,0.0
68,Sterling Brown\brownst02,SF,24,MIL,13,216,13.5,.582,.524,.206,4.7,25.1,15.4,11.5,1.5,0.8,16.9,15.6,,0.2,0.4,0.6,.134,,-0.9,1.2,0.3,0.1
69,Troy Brown\browntr01,SG,20,WAS,11,238,12.1,.483,.300,.114,6.7,18.7,12.5,12.7,2.3,0.4,13.0,14.5,,0.1,0.1,0.2,.046,,-1.2,0.1,-1.1,0.1
70,Jalen Brunson\brunsja01,PG,23,DAL,16,282,16.6,.553,.314,.245,3.8,12.2,8.1,23.1,1.7,0.0,11.7,19.1,,0.6,0.2,0.8,.133,,1.0,-1.2,-0.2,0.1
71,Thomas Bryant\bryanth01,C,22,WAS,14,405,20.0,.612,.208,.268,9.7,23.6,16.5,11.7,0.7,3.3,11.2,18.9,,1.1,0.1,1.2,.143,,1.8,0.2,2.0,0.4
72,Trey Burke\burketr01,PG,27,PHI,6,105,12.3,.427,.244,.195,4.3,7.3,5.9,26.0,0.9,0.8,4.3,18.7,,0.1,0.1,0.2,.097,,-1.5,-2.3,-3.8,0.0
73,Alec Burks\burksal01,SG,28,GSW,14,386,16.5,.568,.342,.426,1.9,15.3,8.4,14.1,1.3,1.3,8.9,21.9,,0.7,0.0,0.7,.089,,0.5,-2.5,-2.0,0.0
74,Deonte Burton\burtode02,SG,26,OKC,7,52,9.3,.575,.550,.000,0.0,16.2,8.3,3.1,0.9,0.0,13.0,19.4,,0.0,0.0,0.0,.019,,-3.3,-3.1,-6.5,-0.1
75,Jimmy Butler\butleji01,SF,30,MIA,12,407,24.1,.571,.214,.636,6.9,11.7,9.4,30.1,3.8,2.4,13.2,23.9,,1.3,0.9,2.1,.252,,3.2,3.2,6.4,0.9
76,Bruno Caboclo\cabocbr01,SF,24,MEM,9,85,13.7,.484,.406,.000,7.5,15.2,11.3,8.4,2.2,8.2,11.1,17.5,,0.0,0.1,0.1,.048,,-2.6,3.0,0.4,0.1
77,Kentavious Caldwell-Pope\caldwke01,SG,26,LAL,16,354,10.6,.556,.394,.147,2.8,8.6,5.7,8.0,1.5,0.3,10.1,15.5,,0.3,0.5,0.8,.102,,-1.0,-0.6,-1.6,0.0
78,Vlatko Čančar\cancavl01,SF,22,DEN,1,2,0.0,,,,0.0,0.0,0.0,0.0,0.0,0.0,,0.0,,0.0,0.0,0.0,.026,,-6.2,1.2,-5.1,0.0
79,Clint Capela\capelca01,C,25,HOU,15,478,21.9,.622,.000,.274,11.9,34.5,23.2,5.0,1.3,5.3,11.6,16.8,,1.1,0.8,1.9,.192,,-1.7,2.5,0.7,0.3
80,DeMarre Carroll\carrode01,SF,33,SAS,8,88,9.0,.503,.500,.111,5.9,22.3,14.0,11.3,0.5,1.9,17.5,10.9,,0.0,0.0,0.1,.041,,-2.3,-0.4,-2.7,0.0
81,Jevon Carter\carteje01,PG,24,PHO,13,196,10.2,.552,.612,.082,1.7,12.4,7.0,16.7,2.9,2.2,22.8,14.3,,0.0,0.3,0.3,.062,,-1.8,2.1,0.3,0.1
82,Vince Carter\cartevi01,SF,43,ATL,11,169,7.2,.473,.636,.091,2.0,13.2,7.6,6.1,1.1,1.6,10.4,18.8,,-0.1,0.0,-0.1,-0.037,,-3.1,-3.4,-6.5,-0.2
83,Wendell Carter\cartewe01,C,20,CHI,17,483,18.7,.637,.079,.507,12.9,23.2,17.9,5.2,0.8,2.9,11.8,16.6,,1.3,0.6,1.9,.186,,0.3,0.7,1.0,0.4
84,Michael Carter-Williams\cartemi01,SG,28,ORL,10,149,11.3,.421,.362,.426,7.4,14.8,10.9,12.6,2.6,3.5,12.5,18.5,,-0.1,0.3,0.2,.052,,-3.4,2.6,-0.8,0.0
85,Alex Caruso\carusal01,PG,25,LAL,14,280,9.1,.496,.446,.081,0.4,9.3,4.9,13.4,2.9,1.6,18.2,14.2,,-0.1,0.5,0.4,.061,,-3.1,1.7,-1.4,0.0
86,Willie Cauley-Stein\caulewi01,C,26,GSW,14,313,16.4,.597,.000,.157,5.0,24.4,14.5,11.6,2.3,4.7,11.9,13.5,,0.4,0.3,0.7,.108,,-1.8,2.7,0.9,0.2
87,Tyson Chandler\chandty01,C,37,HOU,15,138,13.9,.719,.000,.467,13.2,19.8,16.5,5.7,1.3,4.3,21.7,6.8,,0.3,0.2,0.5,.161,,-1.2,2.6,1.4,0.1
88,Zylan Cheatham\cheatzy01,SF,24,NOP,2,20,-3.5,.250,.250,.000,0.0,16.3,7.9,6.0,0.0,0.0,20.0,10.1,,-0.1,0.0,-0.1,-0.141,,-9.4,-2.2,-11.6,0.0
89,Chris Chiozza\chiozch01,PG,24,WAS,2,35,5.1,.333,.444,.000,0.0,12.7,6.2,22.5,2.6,4.8,25.0,14.0,,-0.1,0.0,0.0,-0.059,,-6.3,1.4,-4.8,0.0
90,Marquese Chriss\chrisma01,PF,22,GSW,16,272,17.2,.558,.135,.382,9.3,20.0,14.5,16.3,1.9,4.8,18.1,19.6,,0.2,0.2,0.4,.076,,-1.4,1.5,0.1,0.1
91,Gary Clark\clarkga01,PF,25,HOU,4,10,18.6,.750,1.000,.000,0.0,10.1,5.1,15.7,0.0,0.0,0.0,16.2,,0.0,0.0,0.1,.248,,6.3,-5.3,1.0,0.0
92,Brandon Clarke\clarkbr01,PF,23,MEM,14,309,22.5,.672,.150,.167,7.6,23.7,15.6,8.8,1.3,4.2,10.4,19.3,,0.8,0.3,1.1,.171,,1.6,0.7,2.3,0.3
93,Jordan Clarkson\clarkjo01,SG,27,CLE,16,366,20.3,.576,.444,.380,3.2,7.5,5.3,17.3,1.5,1.4,8.3,25.5,,0.9,0.1,1.1,.139,,3.8,-2.6,1.2,0.3
94,Nicolas Claxton\claxtni01,PF,20,BRK,7,88,11.1,.534,.263,.526,7.2,14.1,10.7,11.1,0.5,0.9,11.4,12.4,,0.1,0.1,0.2,.085,,-2.1,-0.8,-2.9,0.0
95,Chris Clemons\clemoch01,SG,22,HOU,11,100,14.0,.620,.829,.098,2.0,7.1,4.6,9.1,0.9,1.7,10.5,19.3,,0.2,0.0,0.2,.107,,1.3,-3.2,-1.9,0.0
96,John Collins\collijo01,PF,22,ATL,5,161,20.4,.621,.311,.279,6.9,23.5,15.2,7.9,1.5,5.7,9.3,19.5,,0.4,0.1,0.5,.144,,1.0,0.6,1.6,0.1
97,Zach Collins\colliza01,PF,22,POR,3,86,9.2,.624,.368,.316,4.7,9.4,7.1,9.3,0.0,1.9,21.7,13.3,,0.1,0.0,0.1,.049,,-1.8,-1.1,-2.9,0.0
98,Mike Conley\conlemi01,PG,32,UTA,16,491,13.4,.512,.424,.329,2.3,9.0,5.8,23.2,1.3,0.3,12.4,24.3,,0.2,0.7,1.0,.094,,-0.1,-0.2,-0.3,0.2
99,Pat Connaughton\connapa01,SG,27,MIL,14,233,13.3,.578,.627,.045,2.2,16.1,9.4,12.3,0.6,2.6,5.5,12.6,,0.4,0.3,0.7,.154,,0.4,0.8,1.2,0.2
100,Quinn Cook\cookqu01,PG,26,LAL,15,216,9.6,.479,.364,.039,2.1,8.0,5.1,17.1,1.3,0.4,13.3,17.8,,0.0,0.3,0.2,.049,,-3.0,-1.5,-4.5,-0.1
101,Tyler Cook\cookty01,PF,22,CLE,6,17,35.1,.872,.000,.333,18.6,12.9,15.8,0.0,2.8,0.0,12.7,19.8,,0.1,0.0,0.1,.323,,5.7,-5.6,0.1,0.0
102,Robert Covington\covinro01,PF,29,MIN,15,409,15.8,.615,.596,.255,2.7,18.3,10.5,5.1,2.5,3.1,13.3,17.9,,0.5,0.6,1.1,.125,,0.0,1.4,1.3,0.3
103,Allen Crabbe\crabbal01,SG,27,ATL,6,111,10.4,.554,.545,.212,2.0,12.0,7.0,2.6,1.3,1.7,10.0,15.0,,0.0,0.0,0.0,.019,,-2.2,-2.9,-5.2,-0.1
104,Torrey Craig\craigto01,SF,29,DEN,13,187,8.1,.400,.488,.220,4.9,15.0,9.9,10.6,1.3,5.5,10.0,11.5,,-0.1,0.3,0.3,.073,,-3.7,4.0,0.2,0.1
105,Jae Crowder\crowdja01,SF,29,MEM,15,458,11.7,.570,.742,.203,2.3,19.1,10.6,13.2,1.5,1.3,15.2,14.9,,0.3,0.3,0.5,.056,,0.2,0.0,0.2,0.3
106,Jarrett Culver\culveja01,SG,20,MIN,16,375,7.3,.426,.435,.197,3.8,8.9,6.4,13.0,1.7,1.7,13.1,19.9,,-0.6,0.3,-0.3,-0.032,,-4.1,-0.4,-4.5,-0.2
107,Seth Curry\curryse01,SG,29,DAL,14,295,11.2,.575,.614,.229,1.8,5.8,3.9,10.6,1.5,0.8,10.7,14.6,,0.4,0.2,0.6,.095,,0.6,-1.4,-0.8,0.1
108,Stephen Curry\curryst01,PG,31,GSW,4,112,21.2,.548,.561,.273,3.7,15.6,9.5,40.6,2.1,1.5,16.9,33.3,,0.1,0.0,0.2,.065,,5.0,-2.1,3.0,0.1
109,Troy Daniels\danietr01,SG,28,LAL,11,171,5.9,.448,.780,.051,1.9,8.9,5.5,4.6,0.8,0.5,6.2,16.0,,-0.1,0.2,0.1,.027,,-2.6,-2.2,-4.8,-0.1
110,Anthony Davis\davisan02,PF,26,LAL,15,524,27.2,.590,.182,.420,7.2,20.3,13.8,16.4,2.0,7.6,11.7,29.8,,1.5,1.3,2.7,.248,,2.2,4.5,6.7,1.2
111,Ed Davis\davised01,C,30,UTA,6,73,6.5,.425,.000,.400,14.0,30.9,22.9,1.9,0.7,3.5,29.8,10.0,,-0.1,0.2,0.1,.072,,-7.1,2.7,-4.4,0.0
112,Terence Davis\daviste02,SG,22,TOR,15,214,16.6,.644,.554,.169,2.6,16.5,10.0,19.5,1.5,1.6,11.4,15.7,,0.6,0.4,0.9,.205,,2.3,1.4,3.7,0.3
113,Dewayne Dedmon\dedmode01,C,30,SAC,15,225,7.3,.465,.474,.141,11.0,20.9,15.8,4.6,1.3,3.3,23.2,20.8,,-0.4,0.2,-0.2,-0.050,,-5.2,-0.6,-5.9,-0.2
114,Matthew Dellavedova\dellama01,PG,29,CLE,14,192,4.1,.371,.578,.244,1.6,10.9,6.2,21.7,1.3,0.4,21.9,14.2,,-0.3,0.1,-0.2,-0.062,,-4.7,-1.5,-6.3,-0.2
115,DeMar DeRozan\derozde01,SF,30,SAS,17,577,20.3,.591,.015,.400,1.6,15.5,8.4,21.2,1.1,1.3,13.1,26.6,,1.2,0.2,1.4,.115,,0.8,-1.5,-0.8,0.2
116,Cheick Diallo\diallch01,C,23,PHO,11,97,22.1,.812,.000,.200,7.8,19.4,13.5,8.8,0.0,3.6,13.3,16.5,,0.3,0.1,0.4,.221,,2.0,0.3,2.3,0.1
117,Hamidou Diallo\diallha01,SF,21,OKC,12,256,13.8,.525,.141,.196,6.1,13.2,9.8,6.4,3.4,1.3,12.3,19.5,,0.0,0.4,0.4,.073,,-2.5,1.5,-1.0,0.1
118,Gorgui Dieng\dienggo01,C,30,MIN,12,145,19.4,.490,.314,.275,7.7,30.0,18.9,14.9,2.5,7.7,10.9,17.9,,0.1,0.3,0.4,.144,,-2.4,5.7,3.3,0.2
119,Spencer Dinwiddie\dinwisp01,SG,26,BRK,16,450,19.1,.565,.404,.465,0.7,8.5,4.6,29.8,1.3,1.1,12.3,29.0,,1.0,0.3,1.3,.142,,2.5,-2.9,-0.4,0.2
120,Donte DiVincenzo\divindo01,SG,23,MIL,13,250,15.0,.543,.495,.084,4.9,14.6,10.0,11.0,3.4,0.7,11.7,18.1,,0.2,0.5,0.7,.135,,0.4,1.6,2.0,0.3
121,Luka Dončić\doncilu01,PG,20,DAL,16,543,33.3,.632,.462,.437,4.5,25.9,15.5,48.9,1.9,0.5,15.9,35.7,,2.8,0.7,3.6,.317,,11.9,2.3,14.2,2.2
122,Damyean Dotson\dotsoda01,SG,25,NYK,13,186,8.4,.454,.492,.077,1.1,12.1,6.3,9.2,1.6,1.1,8.2,16.7,,-0.1,0.1,0.0,.000,,-3.5,-1.7,-5.2,-0.2
123,Sekou Doumbouya\doumbse01,SF,19,DET,1,2,-20.2,.000,1.000,.000,0.0,0.0,0.0,0.0,0.0,0.0,0.0,21.6,,0.0,0.0,0.0,-0.536,,-15.9,-8.1,-24.0,0.0
124,Goran Dragić\dragigo01,PG,33,MIA,14,398,16.8,.603,.487,.399,1.2,11.4,6.6,27.7,1.0,1.0,17.0,24.1,,0.7,0.5,1.2,.145,,1.5,-1.4,0.1,0.2
125,Andre Drummond\drumman01,C,26,DET,16,550,22.5,.572,.044,.307,15.4,40.5,28.1,15.3,2.4,4.5,19.8,25.3,,0.5,1.0,1.5,.135,,-0.7,4.3,3.5,0.8
126,Jared Dudley\dudleja01,SF,34,LAL,10,72,7.2,.667,.667,.000,0.0,12.1,6.1,10.1,0.7,1.2,10.0,5.9,,0.1,0.1,0.2,.122,,-1.7,0.1,-1.6,0.0
127,Kris Dunn\dunnkr01,PG,25,CHI,17,351,14.2,.488,.287,.120,2.3,13.2,7.5,23.2,4.7,1.6,11.7,15.1,,0.2,0.6,0.9,.117,,-0.9,3.2,2.3,0.4
128,Carsen Edwards\edwarca01,SG,21,BOS,13,151,10.1,.463,.583,.183,2.0,12.6,7.4,12.4,1.3,1.2,5.8,19.4,,0.0,0.2,0.2,.065,,-2.0,-0.6,-2.6,0.0
129,Henry Ellenson\ellenhe01,PF,23,BRK,1,3,0.0,,,,0.0,0.0,0.0,0.0,0.0,0.0,,0.0,,0.0,0.0,0.0,-0.003,,-6.2,0.1,-6.0,0.0
130,Wayne Ellington\ellinwa01,SG,32,NYK,13,196,6.6,.505,.892,.046,0.0,12.1,5.7,9.2,0.5,0.5,11.9,16.3,,-0.1,0.0,0.0,-0.004,,-2.0,-3.4,-5.4,-0.2
131,Joel Embiid\embiijo01,C,25,PHI,12,348,26.9,.587,.247,.454,10.5,34.1,22.5,17.3,1.6,4.1,13.1,32.4,,0.9,0.8,1.6,.223,,2.5,2.4,4.9,0.6
132,James Ennis\ennisja01,SF,29,PHI,16,261,16.2,.649,.385,.308,10.0,15.1,12.6,6.5,1.1,1.0,11.9,16.2,,0.6,0.3,0.9,.174,,1.8,-0.9,0.9,0.2
133,Drew Eubanks\eubandr01,PF,22,SAS,1,2,-27.8,.000,.000,.000,100.0,54.6,80.1,0.0,0.0,0.0,33.3,62.9,,0.0,0.0,0.0,-1.101,,-40.5,-24.2,-64.7,0.0
134,Jacob Evans\evansja02,SG,22,GSW,3,43,12.8,.654,.667,.333,2.4,10.1,6.2,6.7,0.0,0.0,6.8,14.4,,0.1,0.0,0.1,.090,,0.7,-5.2,-4.5,0.0
135,Dante Exum\exumda01,SG,24,UTA,4,33,1.7,.286,.143,.000,3.4,3.1,3.3,8.4,1.4,2.6,12.5,10.5,,-0.1,0.1,0.0,-0.016,,-6.9,2.3,-4.6,0.0
136,Tacko Fall\fallta01,C,24,BOS,1,4,7.8,.500,.000,.000,0.0,75.2,37.9,0.0,0.0,0.0,20.0,53.2,,0.0,0.0,0.0,-0.225,,-24.8,-13.9,-38.7,0.0
137,Derrick Favors\favorde01,C,28,NOP,9,189,19.5,.618,.034,.103,16.6,28.2,22.2,14.5,1.2,1.8,18.8,16.0,,0.4,0.1,0.5,.138,,1.0,0.8,1.8,0.2
138,Terrance Ferguson\fergute01,SF,21,OKC,14,359,7.4,.624,.694,.048,3.4,5.6,4.5,6.2,0.9,0.9,12.4,8.8,,0.4,0.2,0.6,.076,,0.0,0.1,0.1,0.2
139,Bruno Fernando\fernabr01,C,21,ATL,16,197,12.9,.563,.192,.327,9.6,17.5,13.6,12.6,1.0,3.3,19.1,15.5,,0.1,0.1,0.2,.047,,-1.7,-0.3,-1.9,0.0
140,Yogi Ferrell\ferreyo01,PG,26,SAC,11,138,10.8,.534,.364,.341,0.8,11.9,6.2,16.1,0.7,0.7,13.7,18.4,,0.1,0.0,0.1,.044,,-2.3,-2.7,-5.0,-0.1
141,Dorian Finney-Smith\finnedo01,PF,26,DAL,16,425,12.7,.588,.505,.252,7.6,13.3,10.5,5.0,1.2,1.2,12.1,13.9,,0.6,0.3,0.9,.107,,0.8,-0.3,0.5,0.3
142,Bryn Forbes\forbebr01,SG,26,SAS,17,465,12.7,.549,.613,.168,1.3,9.2,5.2,8.7,0.9,0.0,5.5,19.6,,0.7,0.0,0.6,.066,,1.6,-4.0,-2.3,0.0
143,Evan Fournier\fournev01,SG,27,ORL,15,438,18.7,.615,.434,.235,0.5,10.6,5.3,21.3,1.5,0.6,12.2,24.3,,0.9,0.4,1.3,.144,,3.4,-1.5,1.9,0.4
144,De'Aaron Fox\foxde01,PG,22,SAC,9,288,15.7,.528,.234,.484,1.9,12.6,7.2,35.7,1.2,1.6,19.2,28.9,,0.1,0.1,0.2,.040,,-0.5,-1.5,-2.0,0.0
145,Melvin Frazier\frazime01,SG,23,ORL,2,8,-1.0,.200,.200,.000,12.6,0.0,6.6,18.9,0.0,0.0,0.0,27.0,,0.0,0.0,0.0,-0.246,,-8.5,-4.7,-13.3,0.0
146,Tim Frazier\fraziti01,PG,29,DET,10,124,5.9,.340,.342,.368,2.8,5.6,4.2,32.5,3.1,0.7,21.4,19.6,,-0.2,0.1,-0.1,-0.057,,-5.8,-2.3,-8.1,-0.2
147,Markelle Fultz\fultzma01,PG,21,ORL,15,361,15.5,.545,.221,.213,1.9,7.3,4.5,24.4,2.7,0.5,13.4,20.6,,0.3,0.5,0.8,.104,,-0.2,-0.4,-0.6,0.1
148,Wenyen Gabriel\gabriwe01,PF,22,SAC,7,47,8.5,.401,.500,.563,9.5,10.0,9.8,9.1,2.1,3.9,13.1,21.2,,-0.1,0.0,0.0,-0.031,,-3.6,-0.2,-3.8,0.0
149,Daniel Gafford\gaffoda01,C,21,CHI,8,76,16.5,.607,.000,.364,11.8,8.5,10.2,2.1,0.0,7.5,3.8,14.4,,0.2,0.1,0.2,.153,,-1.3,0.8,-0.5,0.0
150,Danilo Gallinari\gallida01,PF,31,OKC,15,448,19.9,.632,.532,.452,1.7,16.2,9.2,9.1,1.1,0.2,8.2,23.8,,1.3,0.4,1.7,.184,,3.4,-2.0,1.4,0.4
151,Langston Galloway\gallola01,SG,28,DET,16,439,14.6,.623,.615,.304,1.3,7.6,4.5,8.6,0.9,1.3,7.2,17.8,,1.0,0.1,1.1,.120,,2.3,-2.7,-0.4,0.2
152,Darius Garland\garlada01,PG,20,CLE,16,447,6.6,.440,.393,.116,0.9,4.9,2.9,17.6,1.7,0.0,16.5,20.9,,-0.8,0.1,-0.7,-0.075,,-3.9,-2.7,-6.6,-0.5
153,Marc Gasol\gasolma01,C,35,TOR,15,425,7.7,.467,.473,.161,2.8,20.7,12.4,14.4,0.8,2.5,18.8,12.3,,-0.1,0.7,0.6,.070,,-3.0,3.4,0.4,0.3
154,Rudy Gay\gayru01,PF,33,SAS,17,389,19.1,.602,.364,.278,6.7,22.2,14.3,13.0,0.7,1.9,12.9,21.0,,0.8,0.2,1.0,.121,,1.7,-1.3,0.4,0.2
155,Paul George\georgpa01,SF,29,LAC,6,174,25.7,.637,.594,.376,1.2,20.7,11.2,27.1,1.9,1.6,16.9,33.5,,0.5,0.3,0.8,.224,,6.2,0.4,6.6,0.4
156,Taj Gibson\gibsota01,C,34,NYK,15,238,17.2,.605,.075,.194,13.1,17.5,15.2,12.3,1.6,0.4,13.1,14.9,,0.6,0.2,0.7,.144,,0.9,-0.3,0.6,0.2
157,Harry Giles\gilesha01,PF,21,SAC,5,38,11.1,.437,.000,.091,8.9,9.3,9.1,18.6,1.3,4.9,11.6,29.5,,-0.1,0.0,0.0,-0.033,,-5.0,-0.5,-5.5,0.0
158,Shai Gilgeous-Alexander\gilgesh01,SG,21,OKC,15,525,16.5,.548,.255,.255,3.0,13.0,8.2,14.7,1.2,1.4,10.9,25.3,,0.4,0.5,0.9,.084,,-0.4,-0.4,-0.8,0.2
159,Rudy Gobert\goberru01,C,27,UTA,15,523,19.1,.679,.000,.798,10.0,32.4,21.7,4.8,1.4,5.2,19.6,15.2,,0.9,1.4,2.3,.214,,-1.5,5.3,3.8,0.8
160,Aaron Gordon\gordoaa01,PF,24,ORL,14,426,14.1,.509,.333,.296,5.4,16.6,10.7,15.0,1.0,1.4,9.6,20.2,,0.3,0.5,0.8,.092,,-0.5,0.5,-0.1,0.2
161,Eric Gordon\gordoer01,SG,31,HOU,9,265,3.5,.422,.673,.127,1.1,5.3,3.2,3.7,0.9,0.6,9.4,19.5,,-0.5,0.1,-0.4,-0.069,,-4.8,-3.2,-8.0,-0.4
162,Devonte' Graham\grahade01,PG,24,CHO,17,561,17.2,.577,.606,.261,2.7,9.2,5.8,34.1,1.0,0.5,17.2,24.8,,1.0,0.1,1.0,.089,,3.4,-3.5,0.0,0.3
163,Treveon Graham\grahatr01,SG,26,MIN,15,381,6.3,.411,.455,.164,4.8,10.9,7.9,7.4,1.4,0.2,7.8,13.6,,-0.2,0.3,0.1,.010,,-3.5,-0.4,-3.8,-0.2
164,Jerami Grant\grantje01,PF,25,DEN,15,322,10.6,.502,.400,.226,2.9,14.8,8.7,7.3,0.6,2.6,8.7,18.4,,0.0,0.5,0.5,.069,,-2.7,0.2,-2.5,0.0
165,Josh Gray\grayjo01,PG,26,NOP,2,23,-4.9,.500,.000,.000,4.4,4.7,4.6,10.3,0.0,0.0,71.4,12.3,,-0.1,0.0,-0.1,-0.246,,-10.7,-2.3,-13.0,-0.1
166,Danny Green\greenda02,SG,32,LAL,16,410,12.1,.613,.712,.099,3.0,11.1,7.1,6.7,2.6,1.7,13.4,13.9,,0.4,0.7,1.1,.131,,1.0,1.6,2.6,0.5
167,Draymond Green\greendr01,PF,29,GSW,10,296,12.3,.460,.345,.195,2.1,25.0,13.4,26.0,1.9,1.5,15.2,15.8,,0.0,0.2,0.2,.026,,-2.3,0.6,-1.7,0.0
168,JaMychal Green\greenja01,PF,29,LAC,17,376,11.3,.559,.667,.157,6.8,25.0,16.2,2.2,1.3,1.2,12.8,14.5,,0.3,0.6,0.9,.114,,-1.3,-0.3,-1.6,0.0
169,Javonte Green\greenja02,SF,26,BOS,10,71,15.0,.563,.286,.179,2.9,9.9,6.4,6.9,2.7,0.0,3.2,18.7,,0.1,0.1,0.2,.138,,-0.5,-0.5,-1.0,0.0
170,Jeff Green\greenje02,PF,33,UTA,16,307,8.3,.502,.554,.416,1.8,12.7,7.5,5.4,1.1,2.5,14.3,19.7,,-0.2,0.5,0.3,.044,,-3.8,0.9,-2.8,-0.1
171,Blake Griffin\griffbl01,PF,30,DET,4,116,17.0,.528,.371,.435,6.0,14.8,10.5,23.3,0.8,1.4,15.9,32.7,,0.0,0.1,0.1,.040,,-0.2,-2.6,-2.8,0.0
172,Marko Guduric\gudurma01,SG,24,MEM,15,254,7.6,.460,.459,.082,3.8,10.6,7.2,13.3,0.9,1.4,15.4,17.0,,-0.2,0.0,-0.2,-0.030,,-3.5,-1.8,-5.2,-0.2
173,Rui Hachimura\hachiru01,PF,21,WAS,14,375,14.9,.540,.146,.139,7.1,14.5,10.7,8.0,1.4,0.2,7.7,19.8,,0.5,0.0,0.5,.064,,-0.5,-2.3,-2.8,-0.1
174,Devon Hall\hallde01,SG,24,OKC,1,7,1.9,1.000,.000,.000,0.0,0.0,0.0,0.0,0.0,0.0,50.0,12.5,,0.0,0.0,0.0,-0.070,,-5.5,-2.7,-8.2,0.0
175,Tim Hardaway\hardati02,SG,27,DAL,16,367,14.7,.551,.598,.232,1.5,7.7,4.7,12.4,0.5,0.5,3.7,21.5,,0.8,0.1,0.9,.122,,2.1,-3.7,-1.6,0.0
176,James Harden\hardeja01,SG,30,HOU,17,634,30.1,.624,.569,.586,2.4,14.2,8.3,38.7,2.0,1.1,15.2,38.9,,2.9,0.6,3.5,.262,,10.5,-0.7,9.8,1.9
177,Maurice Harkless\harklma01,SF,26,LAC,17,386,9.2,.562,.284,.148,3.9,9.8,6.9,7.0,2.1,2.8,17.3,11.1,,0.1,0.6,0.7,.088,,-1.4,3.0,1.6,0.3
178,Jared Harper\harpeja01,PG,22,PHO,1,2,-19.7,.000,1.000,.000,0.0,0.0,0.0,0.0,0.0,0.0,0.0,21.3,,0.0,0.0,0.0,-0.528,,-15.9,-6.7,-22.6,0.0
179,Montrezl Harrell\harremo01,C,26,LAC,17,514,24.5,.624,.023,.378,9.9,15.6,12.8,14.5,1.5,4.1,11.9,23.5,,1.6,0.8,2.4,.223,,2.9,2.7,5.6,1.0
180,Gary Harris\harriga01,SG,25,DEN,15,483,8.7,.496,.393,.145,1.3,9.6,5.3,7.9,1.8,0.8,9.4,15.1,,0.0,0.7,0.7,.065,,-2.1,1.0,-1.2,0.1
181,Joe Harris\harrijo01,SF,28,BRK,16,512,11.7,.604,.559,.106,3.1,8.7,5.9,8.1,1.0,0.8,12.8,16.4,,0.5,0.3,0.8,.078,,0.5,-1.2,-0.7,0.2
182,Tobias Harris\harrito02,PF,27,PHI,16,541,17.9,.579,.301,.230,2.7,21.9,12.5,15.8,1.7,1.7,11.1,21.8,,0.9,0.9,1.7,.155,,0.9,1.4,2.3,0.6
183,Shaquille Harrison\harrish01,SF,26,CHI,10,87,16.7,.482,.161,.387,2.3,24.7,13.1,24.3,2.7,3.3,5.2,18.1,,0.1,0.2,0.3,.150,,-1.8,3.0,1.3,0.1
184,Josh Hart\hartjo01,SF,24,NOP,10,277,15.6,.614,.613,.237,4.8,20.8,12.5,6.9,2.3,1.2,12.0,17.1,,0.4,0.2,0.6,.109,,1.3,-0.7,0.6,0.2
185,Isaiah Hartenstein\harteis01,C,21,HOU,5,63,17.2,.952,.000,.778,8.1,20.9,14.5,2.2,0.7,4.0,24.9,10.3,,0.2,0.1,0.3,.198,,-1.0,0.2,-0.8,0.0
186,Udonis Haslem\hasleud01,PF,39,MIA,2,11,16.0,.906,.000,4.000,0.0,29.4,15.6,0.0,0.0,0.0,0.0,10.8,,0.1,0.0,0.1,.311,,-1.9,-5.0,-6.9,0.0
187,Jaxson Hayes\hayesja02,C,19,NOP,14,268,16.6,.637,.028,.528,9.1,13.4,11.2,5.2,1.7,4.5,11.9,15.2,,0.6,0.1,0.7,.129,,-0.2,0.8,0.6,0.2
188,Gordon Hayward\haywago01,SF,29,BOS,8,249,22.0,.638,.273,.173,2.5,20.5,11.6,22.8,1.2,0.7,11.2,22.8,,0.7,0.4,1.1,.206,,3.2,1.0,4.2,0.4
189,John Henson\hensojo01,PF,29,CLE,1,8,26.8,.323,.500,3.000,26.3,13.7,20.2,0.0,12.1,21.2,17.7,30.2,,0.0,0.0,0.0,-0.039,,-6.1,12.3,6.3,0.0
190,Dewan Hernandez\hernade01,C,23,TOR,2,8,4.7,.500,.500,.000,0.0,47.8,25.6,0.0,5.9,0.0,33.3,16.0,,0.0,0.0,0.0,.030,,-11.5,0.6,-10.9,0.0
191,Juan Hernangómez\hernaju01,PF,24,DEN,8,111,8.3,.573,.625,.208,3.7,14.6,9.0,4.9,0.0,1.7,16.0,12.1,,0.0,0.1,0.1,.064,,-2.8,-0.3,-3.1,0.0
192,Willy Hernangómez\hernawi01,C,25,CHO,4,38,17.9,.546,.250,.500,14.0,12.1,13.1,8.1,1.3,6.9,17.0,19.9,,0.0,0.0,0.1,.069,,-1.8,1.2,-0.6,0.0
193,Tyler Herro\herroty01,SG,20,MIA,14,413,12.1,.567,.456,.228,1.5,13.6,7.9,12.4,1.3,0.5,15.5,21.4,,0.1,0.6,0.7,.076,,-1.6,-0.7,-2.2,0.0
194,Mario Hezonja\hezonma01,PF,24,POR,16,314,7.7,.470,.367,.266,3.5,22.6,13.0,7.1,1.6,0.5,15.3,13.8,,-0.1,0.3,0.1,.019,,-4.1,0.3,-3.8,-0.1
195,Buddy Hield\hieldbu01,SG,27,SAC,15,482,13.6,.544,.559,.138,3.0,12.7,7.7,11.9,1.2,1.2,14.1,27.4,,0.0,0.2,0.2,.022,,0.4,-2.5,-2.1,0.0
196,George Hill\hillge01,PG,33,MIL,16,359,17.0,.654,.480,.280,4.8,8.9,6.9,18.1,1.5,0.5,8.9,14.0,,1.2,0.5,1.6,.218,,3.5,-0.2,3.3,0.5
197,Solomon Hill\hillso01,SF,28,MEM,13,227,10.6,.546,.579,.246,3.7,14.2,9.0,11.6,2.0,0.4,13.7,13.3,,0.1,0.1,0.3,.055,,-0.9,-0.6,-1.5,0.0
198,Jaylen Hoard\hoardja01,SF,20,POR,1,0,,,,,,,,,,,,,,0.0,0.0,0.0,,,-5.7,0.0,-5.7,0.0
199,Aaron Holiday\holidaa01,PG,23,IND,13,306,13.3,.498,.405,.079,2.8,10.9,6.9,23.6,2.1,0.3,13.3,21.1,,0.1,0.5,0.6,.088,,-0.3,0.1,-0.2,0.1
200,Jrue Holiday\holidjr01,SG,29,NOP,15,534,16.3,.508,.316,.172,3.0,12.4,7.6,29.0,2.7,1.8,15.6,24.8,,0.3,0.3,0.6,.052,,0.2,0.0,0.2,0.3
201,Justin Holiday\holidju01,SG,30,IND,15,389,10.9,.526,.647,.206,1.9,14.4,8.2,9.0,1.5,2.3,7.5,13.3,,0.3,0.6,0.9,.117,,-0.5,2.0,1.5,0.3
202,Rondae Hollis-Jefferson\holliro01,SF,25,TOR,8,170,18.6,.612,.040,.400,14.9,14.6,14.7,10.5,2.2,1.6,15.8,17.5,,0.4,0.3,0.7,.199,,1.3,2.4,3.7,0.2
203,Richaun Holmes\holmeri01,C,26,SAC,15,410,20.3,.689,.000,.304,10.4,24.9,17.5,4.7,1.3,5.2,11.2,15.1,,1.2,0.5,1.7,.194,,0.8,1.9,2.8,0.5
204,Rodney Hood\hoodro01,SF,27,POR,15,457,12.2,.628,.402,.165,1.8,10.2,6.0,5.9,1.4,0.7,11.1,13.9,,0.6,0.2,0.8,.083,,0.2,-0.5,-0.3,0.2
205,Al Horford\horfoal01,C,33,PHI,15,465,18.1,.527,.327,.158,7.1,18.2,12.7,19.5,1.6,2.4,7.9,20.6,,0.8,0.8,1.6,.161,,1.8,1.7,3.5,0.6
206,Danuel House\houseda01,SF,26,HOU,13,382,14.5,.642,.695,.257,3.5,12.2,7.8,5.2,1.9,2.2,9.3,13.6,,0.7,0.4,1.1,.139,,1.2,0.5,1.7,0.4
207,Dwight Howard\howardw01,C,34,LAL,16,325,18.3,.722,.000,.717,13.0,28.1,20.6,6.2,0.9,6.9,19.4,12.8,,0.8,0.7,1.5,.225,,-0.3,4.3,4.0,0.5
208,Kevin Huerter\huertke01,SG,21,ATL,10,225,12.4,.570,.587,.200,3.0,14.4,8.7,18.2,1.2,1.2,17.2,18.2,,0.2,0.0,0.2,.042,,0.1,-2.3,-2.2,0.0
209,De'Andre Hunter\huntede01,SF,22,ATL,16,491,9.8,.529,.407,.227,1.8,13.2,7.5,8.7,1.0,0.8,11.7,18.1,,0.1,0.0,0.1,.007,,-1.8,-2.6,-4.3,-0.3
210,Chandler Hutchison\hutchch01,SF,23,CHI,7,144,10.4,.543,.262,.619,0.7,21.7,10.8,8.1,1.3,1.3,15.8,18.1,,0.0,0.2,0.2,.050,,-4.7,0.0,-4.8,-0.1
211,Serge Ibaka\ibakase01,C,30,TOR,8,183,18.2,.595,.190,.274,4.2,23.5,14.5,5.5,1.3,4.8,15.3,25.9,,0.1,0.4,0.4,.118,,-3.4,1.5,-1.9,0.0
212,Ersan İlyasova\ilyaser01,PF,32,MIL,14,221,13.0,.527,.544,.265,6.9,22.0,14.8,4.7,1.2,1.9,6.2,14.9,,0.3,0.4,0.7,.147,,-1.1,0.2,-1.0,0.1
213,Joe Ingles\inglejo01,SF,32,UTA,16,441,6.9,.460,.670,.175,1.3,15.4,8.7,18.1,1.1,0.4,18.4,13.4,,-0.2,0.7,0.5,.054,,-2.5,2.0,-0.6,0.2
214,Brandon Ingram\ingrabr01,PF,22,NOP,13,428,23.5,.609,.300,.287,3.1,20.3,11.4,21.7,1.2,2.4,12.6,30.1,,1.1,0.2,1.3,.141,,3.6,-0.9,2.6,0.5
215,Kyrie Irving\irvinky01,PG,27,BRK,11,372,26.3,.561,.361,.250,2.8,13.6,8.3,40.3,1.5,1.3,8.5,33.9,,1.3,0.3,1.6,.208,,7.4,-0.7,6.7,0.8
216,Jonathan Isaac\isaacjo01,SF,22,ORL,13,399,20.3,.606,.377,.238,5.3,20.2,12.4,8.9,2.3,7.9,11.7,17.6,,0.6,0.9,1.5,.180,,0.4,5.5,6.0,0.8
217,Wesley Iwundu\iwundwe01,SF,25,ORL,7,85,7.3,.393,.389,.778,3.5,15.6,9.3,8.0,1.7,1.0,11.0,13.8,,-0.1,0.1,0.0,.019,,-5.4,0.7,-4.8,-0.1
218,Frank Jackson\jacksfr01,PG,21,NOP,16,269,10.0,.507,.476,.242,1.9,8.5,5.1,10.0,1.4,0.3,11.0,23.2,,0.0,0.0,0.0,-0.005,,-2.0,-4.1,-6.1,-0.3
219,Jaren Jackson\jacksja02,C,20,MEM,14,371,14.0,.577,.394,.213,6.0,14.5,10.2,6.5,1.0,3.1,13.4,22.5,,0.2,0.2,0.4,.053,,-0.5,-1.5,-2.0,0.0
220,Justin Jackson\jacksju01,PF,24,DAL,15,207,14.8,.614,.507,.147,3.6,14.2,9.0,4.1,0.5,0.8,4.8,17.0,,0.5,0.1,0.6,.134,,0.9,-2.9,-2.0,0.0
221,Reggie Jackson\jacksre01,PG,29,DET,2,36,11.0,.437,.455,.091,3.2,12.8,8.0,31.9,0.0,0.0,8.0,14.9,,0.0,0.0,0.0,.065,,-1.2,-4.0,-5.3,0.0
222,Justin James\jamesju01,SG,23,SAC,6,64,12.0,.489,.346,.231,0.0,11.0,5.4,12.7,1.5,2.9,6.5,20.8,,0.0,0.0,0.0,.018,,-2.7,-1.6,-4.4,0.0
223,LeBron James\jamesle01,PG,35,LAL,16,563,27.1,.566,.284,.281,3.2,20.4,11.9,50.7,1.8,1.4,13.6,31.1,,1.8,1.0,2.9,.245,,6.8,2.3,9.1,1.6
224,Amile Jefferson\jeffeam01,PF,26,ORL,2,9,39.6,1.000,.000,.000,22.3,12.3,17.5,49.2,0.0,0.0,25.0,19.2,,0.1,0.0,0.1,.386,,13.4,-1.5,11.9,0.0
225,DaQuan Jeffries\jeffrda01,SG,22,SAC,2,11,12.8,1.000,.000,.000,10.2,0.0,5.2,12.7,0.0,0.0,0.0,3.9,,0.0,0.0,0.0,.162,,3.1,-3.2,-0.1,0.0
226,Alize Johnson\johnsal02,SF,23,IND,5,32,19.4,.604,.000,.444,20.3,20.1,20.2,8.8,0.0,0.0,8.5,15.8,,0.1,0.0,0.2,.232,,1.6,-1.2,0.4,0.0
227,Cameron Johnson\johnsca02,PF,23,PHO,14,261,13.5,.588,.673,.153,4.2,11.8,8.0,5.6,1.4,1.3,7.9,18.6,,0.3,0.3,0.6,.107,,1.2,-1.3,0.0,0.1
228,James Johnson\johnsja01,PF,32,MIA,5,60,11.5,.506,.500,.222,4.0,14.4,9.5,9.8,2.4,3.2,13.2,16.3,,0.0,0.1,0.1,.085,,-2.8,1.8,-0.9,0.0
229,Keldon Johnson\johnske04,SF,20,SAS,1,2,-19.9,.000,.000,.000,0.0,0.0,0.0,0.0,0.0,0.0,0.0,21.0,,0.0,0.0,0.0,-0.527,,-20.6,-6.9,-27.5,0.0
230,Stanley Johnson\johnsst04,PF,23,TOR,5,19,-3.4,.389,.444,.000,11.6,25.2,18.8,0.0,2.5,0.0,30.8,29.2,,-0.1,0.0,-0.1,-0.221,,-14.5,-5.0,-19.4,-0.1
231,Tyler Johnson\johnsty01,SG,27,PHO,16,326,8.4,.505,.500,.184,1.3,8.8,5.0,15.8,0.7,1.6,13.8,16.1,,0.0,0.3,0.2,.035,,-2.3,-0.9,-3.2,-0.1
232,Nikola Jokić\jokicni01,C,24,DEN,15,465,21.0,.532,.304,.189,7.1,26.5,16.5,31.9,2.0,1.6,13.9,25.2,,0.7,1.0,1.7,.173,,2.9,3.5,6.5,1.0
233,Damian Jones\jonesda03,C,24,ATL,15,267,17.0,.722,.067,.350,9.6,12.1,10.9,6.7,1.6,4.5,12.6,12.3,,0.7,0.1,0.8,.149,,1.5,0.6,2.1,0.3
234,Derrick Jones\jonesde02,SF,22,MIA,4,57,16.1,.657,.200,.150,6.4,9.5,8.0,5.8,2.5,0.0,8.6,17.5,,0.1,0.1,0.2,.187,,0.7,-0.9,-0.2,0.0
235,Tyus Jones\jonesty01,PG,23,MEM,15,304,11.1,.440,.272,.184,0.0,7.1,3.5,34.7,2.3,0.0,15.9,18.0,,-0.1,0.1,0.1,.008,,-3.3,-3.7,-6.9,-0.4
236,DeAndre Jordan\jordade01,C,31,BRK,15,319,20.4,.676,.000,.478,11.0,33.6,22.5,14.2,0.9,4.3,15.2,12.7,,0.9,0.5,1.4,.214,,0.1,3.7,3.8,0.5
237,Cory Joseph\josepco01,PG,28,SAC,15,341,8.8,.429,.242,.126,3.0,9.6,6.2,23.0,1.3,2.4,15.9,15.2,,-0.1,0.2,0.1,.014,,-3.3,-0.3,-3.6,-0.1
238,Mfiondu Kabengele\kabenmf01,C,22,LAC,4,14,35.7,.945,.833,.333,0.0,21.4,11.0,0.0,0.0,6.5,0.0,20.2,,0.1,0.0,0.1,.433,,10.1,-3.9,6.2,0.0
239,Frank Kaminsky\kaminfr01,C,26,PHO,16,384,12.3,.527,.441,.404,4.0,21.3,12.5,12.8,0.5,1.4,11.1,20.0,,0.2,0.4,0.6,.078,,-1.4,-0.2,-1.6,0.0
240,Enes Kanter\kanteen01,C,27,BOS,8,121,21.6,.622,.029,.600,14.3,23.2,18.8,8.9,1.6,3.0,13.7,18.0,,0.3,0.2,0.6,.223,,0.0,2.4,2.5,0.1
241,Luke Kennard\kennalu01,SG,23,DET,16,542,14.4,.572,.527,.259,0.9,11.6,6.3,20.2,0.7,0.3,9.9,20.2,,1.0,0.2,1.2,.104,,2.0,-2.8,-0.8,0.2
242,Stanton Kidd\kiddst01,SF,27,UTA,4,15,-13.6,.000,.333,.000,0.0,20.5,10.8,8.6,0.0,0.0,40.0,14.5,,-0.1,0.0,-0.1,-0.300,,-16.5,1.5,-15.0,0.0
243,Michael Kidd-Gilchrist\kiddgmi01,PF,26,CHO,2,18,0.4,.322,.300,.200,5.9,32.0,18.5,8.0,0.0,0.0,8.4,28.3,,-0.1,0.0,-0.1,-0.179,,-11.5,-5.3,-16.8,-0.1
244,Maxi Kleber\klebima01,C,28,DAL,15,391,12.4,.582,.637,.176,5.8,16.8,11.4,5.6,0.5,2.6,9.1,13.0,,0.6,0.3,0.9,.116,,0.6,0.1,0.7,0.3
245,Brandon Knight\knighbr03,PG,28,CLE,6,76,9.6,.489,.813,.125,1.4,8.7,5.0,24.7,1.3,0.0,15.1,22.4,,0.0,0.0,0.0,-0.007,,0.3,-4.1,-3.8,0.0
246,Kevin Knox\knoxke01,SF,20,NYK,17,345,12.1,.521,.526,.351,2.6,14.0,8.0,11.6,1.4,1.2,8.4,17.7,,0.3,0.2,0.5,.072,,-0.7,-1.5,-2.2,0.0
247,John Konchar\konchjo01,SG,23,MEM,1,7,0.0,,,,0.0,0.0,0.0,0.0,0.0,0.0,,0.0,,0.0,0.0,0.0,-0.023,,-6.0,-0.6,-6.5,0.0
248,Furkan Korkmaz\korkmfu01,SG,22,PHI,15,345,10.4,.584,.626,.130,1.0,9.5,5.3,4.8,0.6,1.2,8.3,16.2,,0.3,0.4,0.7,.094,,-0.2,-1.8,-2.0,0.0
249,Luke Kornet\kornelu01,C,24,CHI,10,116,9.5,.442,.535,.116,4.3,13.0,8.5,7.6,0.4,5.7,6.2,17.1,,0.0,0.1,0.1,.031,,-3.7,0.6,-3.1,0.0
250,Kyle Korver\korveky01,SF,38,MIL,13,206,9.2,.563,.819,.111,2.5,6.8,4.7,1.9,1.1,1.7,12.7,17.1,,0.0,0.3,0.3,.060,,-0.9,-1.7,-2.6,0.0
251,Rodions Kurucs\kurucro01,PF,21,BRK,9,98,1.4,.464,.250,.300,5.4,17.9,11.7,1.4,1.9,0.0,32.7,14.2,,-0.3,0.1,-0.2,-0.078,,-8.5,-0.9,-9.4,-0.2
252,Kyle Kuzma\kuzmaky01,PF,24,LAL,12,274,11.8,.574,.530,.197,2.4,15.1,8.8,3.7,0.3,1.6,13.6,22.8,,0.0,0.4,0.4,.066,,-2.1,-2.6,-4.7,-0.2
253,Skal Labissière\labissk01,C,23,POR,17,276,17.1,.594,.072,.241,12.4,17.3,14.8,10.6,0.7,5.6,17.9,16.8,,0.5,0.2,0.7,.118,,-0.8,2.2,1.4,0.2
254,Jeremy Lamb\lambje01,SG,27,IND,6,193,17.0,.553,.304,.304,2.8,17.8,10.3,9.1,2.0,2.3,8.2,21.7,,0.3,0.4,0.6,.153,,-0.5,1.4,0.9,0.1
255,Romeo Langford\langfro01,SG,20,BOS,1,0,,,,,,,,,,,,,,0.0,0.0,0.0,,,-6.2,1.4,-4.8,0.0
256,Zach LaVine\lavinza01,SG,24,CHI,17,537,16.4,.547,.405,.219,2.8,11.0,6.7,20.9,1.7,1.2,14.7,29.7,,0.2,0.5,0.7,.059,,1.2,-1.2,-0.1,0.3
257,Jake Layman\laymaja01,PF,25,MIN,14,369,10.4,.539,.409,.076,3.3,8.0,5.6,4.4,1.5,2.2,11.7,17.0,,0.0,0.3,0.3,.038,,-2.3,-0.3,-2.6,-0.1
258,T.J. Leaf\leaftj01,PF,22,IND,13,153,16.4,.513,.182,.145,13.4,25.3,19.4,5.5,1.9,1.7,9.3,18.1,,0.2,0.3,0.5,.147,,-1.9,0.9,-1.0,0.0
259,Courtney Lee\leeco01,SG,34,DAL,5,47,18.0,.706,.412,.000,0.0,4.3,2.2,9.5,0.0,3.5,0.0,15.2,,0.2,0.0,0.2,.187,,2.6,-2.8,-0.2,0.0
260,Damion Lee\leeda03,SG,27,GSW,11,241,12.8,.521,.385,.363,3.9,15.4,9.5,12.4,1.6,0.0,11.0,20.6,,0.1,0.0,0.2,.031,,-1.2,-3.0,-4.2,-0.1
261,Alex Len\lenal01,C,26,ATL,16,269,12.1,.500,.301,.410,9.1,20.7,14.9,8.0,0.7,5.5,14.8,17.8,,0.0,0.1,0.1,.025,,-3.2,0.1,-3.1,-0.1
262,Kawhi Leonard\leonaka01,SF,28,LAC,12,386,24.5,.539,.282,.347,3.6,21.5,12.8,29.9,3.0,2.6,13.6,35.2,,0.5,0.8,1.3,.168,,2.9,3.3,6.2,0.8
263,Meyers Leonard\leoname01,PF,27,MIA,15,292,11.9,.709,.379,.106,1.7,22.2,12.5,6.6,0.8,2.3,16.9,12.2,,0.3,0.5,0.8,.132,,-1.5,1.3,-0.3,0.1
264,Caris LeVert\leverca01,SG,25,BRK,9,284,11.1,.491,.257,.221,3.7,12.7,8.3,20.4,1.0,0.3,16.8,26.8,,-0.3,0.2,-0.1,-0.021,,-3.3,-1.8,-5.1,-0.2
265,Damian Lillard\lillada01,PG,29,POR,15,572,25.0,.605,.462,.391,1.8,11.9,6.8,30.5,1.3,1.3,11.2,28.6,,2.2,0.2,2.4,.203,,6.9,-1.5,5.4,1.1
266,Nassir Little\littlna01,PF,19,POR,10,169,10.6,.482,.400,.320,8.4,17.4,12.9,3.2,1.4,1.9,8.1,15.2,,0.1,0.1,0.2,.056,,-2.5,-0.9,-3.4,-0.1
267,Kevon Looney\looneke01,C,23,GSW,1,10,18.6,.375,.250,.000,52.4,43.6,48.1,14.0,0.0,0.0,20.0,21.0,,0.0,0.0,0.0,.103,,1.9,-3.2,-1.3,0.0
268,Brook Lopez\lopezbr01,C,31,MIL,16,430,15.2,.563,.559,.252,2.6,14.4,8.7,7.1,1.3,8.0,10.2,16.7,,0.4,0.9,1.3,.149,,-0.6,4.1,3.5,0.6
269,Robin Lopez\lopezro01,C,31,MIL,16,226,7.4,.540,.426,.213,5.9,11.6,8.9,4.6,0.6,3.0,23.1,15.6,,-0.2,0.3,0.1,.029,,-3.9,0.4,-3.5,-0.1
270,Kevin Love\loveke01,PF,31,CLE,14,450,20.0,.621,.506,.494,3.7,36.3,19.7,13.6,1.2,1.1,17.2,23.2,,0.8,0.5,1.2,.130,,1.3,0.4,1.7,0.4
271,Kyle Lowry\lowryky01,PG,33,TOR,8,289,19.9,.662,.602,.372,0.8,10.6,6.0,27.5,1.5,0.9,17.0,23.4,,0.8,0.4,1.2,.200,,4.6,-0.5,4.2,0.5
272,Timothé Luwawu-Cabarrot\luwawti01,SG,24,BRK,1,5,-10.8,.174,.500,1.000,0.0,0.0,0.0,0.0,0.0,0.0,0.0,23.7,,0.0,0.0,0.0,-0.360,,-14.4,-7.5,-21.9,0.0
273,Trey Lyles\lylestr01,PF,24,SAS,17,307,12.3,.588,.542,.153,8.8,30.2,19.3,7.8,0.5,1.1,17.1,10.4,,0.4,0.1,0.5,.079,,-0.7,-0.6,-1.3,0.1
274,Daryl Macon\maconda01,SG,24,MIA,3,13,-3.0,.500,.667,.000,0.0,0.0,0.0,10.4,0.0,0.0,40.0,16.5,,0.0,0.0,0.0,-0.138,,-9.5,-5.5,-14.9,0.0
275,Josh Magette\magetjo01,PG,30,ORL,2,8,33.5,.400,.000,.000,12.6,13.8,13.1,46.8,12.3,0.0,0.0,27.0,,0.0,0.0,0.0,.256,,7.1,10.0,17.1,0.0
276,Thon Maker\makerth01,C,22,DET,16,206,10.2,.571,.342,.711,5.1,13.4,9.3,6.1,1.4,4.8,16.7,12.5,,0.1,0.2,0.3,.065,,-2.4,1.4,-1.0,0.1
277,Terance Mann\mannte01,SG,23,LAC,12,100,9.2,.536,.217,.217,1.1,15.0,8.2,22.9,0.9,0.0,21.7,13.2,,0.1,0.1,0.2,.080,,-3.0,-0.5,-3.5,0.0
278,Boban Marjanović\marjabo01,C,31,DAL,7,96,19.3,.558,.023,.227,13.4,26.3,20.0,8.1,1.0,0.9,12.6,24.3,,0.2,0.1,0.3,.135,,-2.0,-1.8,-3.8,0.0
279,Lauri Markkanen\markkla01,PF,22,CHI,17,504,11.9,.498,.475,.424,3.3,23.5,13.0,8.0,1.5,1.7,13.0,22.1,,-0.2,0.7,0.5,.045,,-3.1,0.1,-3.1,-0.1
280,Caleb Martin\martica02,SF,24,CHO,3,25,-1.1,.242,.333,.333,0.0,18.4,8.9,16.5,1.9,7.0,22.5,22.9,,-0.2,0.0,-0.1,-0.263,,-13.5,2.3,-11.2,-0.1
281,Cody Martin\martico01,SF,24,CHO,14,178,10.8,.454,.459,.568,4.2,18.1,10.9,13.0,3.2,0.5,11.5,12.6,,0.1,0.2,0.2,.063,,-2.5,1.0,-1.5,0.0
282,Kelan Martin\martike03,SF,24,MIN,6,101,2.9,.400,.550,.000,2.0,18.1,10.0,1.4,0.5,0.8,7.0,17.3,,-0.2,0.1,-0.1,-0.054,,-6.9,-3.3,-10.3,-0.2
283,Garrison Mathews\mathega01,SG,23,WAS,2,14,-7.1,.000,1.000,.000,0.0,7.9,3.9,15.1,0.0,0.0,33.3,8.8,,-0.1,0.0,-0.1,-0.198,,-9.0,-3.2,-12.2,0.0
284,Wesley Matthews\matthwe02,SG,33,MIL,16,387,8.9,.581,.702,.202,0.5,7.7,4.3,6.2,1.3,0.2,10.5,12.0,,0.3,0.5,0.7,.092,,-0.3,-0.4,-0.7,0.1
285,Patrick McCaw\mccawpa01,SF,24,TOR,2,40,10.1,.680,.600,.400,5.5,9.6,7.7,9.8,3.5,0.0,33.8,9.5,,0.0,0.1,0.1,.103,,-0.7,2.8,2.0,0.0
286,CJ McCollum\mccolcj01,SG,28,POR,17,638,15.4,.508,.321,.104,2.5,10.2,6.3,17.2,1.1,1.7,9.1,26.5,,0.3,0.2,0.5,.040,,-0.1,-1.5,-1.6,0.1
287,T.J. McConnell\mccontj01,PG,27,IND,13,232,17.0,.536,.013,.089,2.8,14.8,8.8,39.1,1.5,1.1,18.8,18.7,,0.3,0.4,0.7,.137,,-1.1,0.5,-0.5,0.1
288,Jalen McDaniels\mcdanja01,PF,22,CHO,1,3,26.9,.500,.000,.000,35.6,0.0,18.5,0.0,0.0,0.0,0.0,28.6,,0.0,0.0,0.0,.126,,1.0,-12.3,-11.3,0.0
289,Doug McDermott\mcderdo01,PF,28,IND,15,328,10.2,.550,.500,.082,2.0,12.4,7.2,8.6,0.3,0.5,10.6,18.5,,0.2,0.4,0.5,.076,,-1.1,-1.3,-2.4,0.0
290,JaVale McGee\mcgeeja01,C,32,LAL,16,265,21.1,.614,.000,.232,13.8,25.4,19.7,7.1,1.6,6.7,12.6,16.6,,0.6,0.6,1.2,.219,,-0.5,4.0,3.5,0.4
291,Rodney McGruder\mcgruro01,SG,28,LAC,13,215,4.9,.466,.612,.163,4.0,8.4,6.2,6.1,0.2,1.3,10.3,11.2,,0.0,0.2,0.2,.039,,-2.2,-0.4,-2.6,0.0
292,Alfonzo McKinnie\mckinal01,SF,27,CLE,10,111,9.8,.535,.520,.360,3.8,18.8,11.1,3.9,2.2,2.3,14.7,13.1,,0.0,0.1,0.1,.048,,-2.9,0.6,-2.4,0.0
293,Jordan McLaughlin\mclaujo01,PG,23,MIN,4,57,2.9,.346,.533,.133,1.8,10.7,6.2,18.3,0.8,0.0,20.1,14.1,,-0.1,0.0,-0.1,-0.067,,-6.5,-1.9,-8.3,-0.1
294,Ben McLemore\mclembe01,SG,26,HOU,17,343,8.3,.500,.860,.202,2.1,7.1,4.6,5.6,1.5,0.7,7.5,15.8,,0.1,0.2,0.3,.042,,-1.2,-2.0,-3.2,-0.1
295,Jordan McRae\mcraejo01,SG,28,WAS,8,121,15.3,.585,.250,.300,0.9,16.5,8.5,20.9,1.1,2.8,13.4,17.7,,0.2,0.0,0.3,.104,,-0.6,-0.9,-1.5,0.0
296,Nicolò Melli\mellini01,C,29,NOP,15,254,14.0,.630,.671,.274,4.4,15.4,9.7,11.0,1.6,0.7,12.8,15.0,,0.5,0.1,0.6,.107,,1.6,-1.5,0.1,0.1
297,De'Anthony Melton\meltode01,PG,21,MEM,6,51,13.2,.461,.381,.190,2.1,14.8,8.4,19.5,5.4,1.7,18.0,22.5,,-0.1,0.1,0.0,-0.006,,-3.3,1.8,-1.5,0.0
298,Chimezie Metu\metuch01,PF,22,SAS,5,20,42.4,.582,.000,.167,36.6,16.4,26.7,18.7,0.0,8.2,0.0,27.0,,0.1,0.0,0.2,.364,,10.9,0.9,11.8,0.1
299,Khris Middleton\middlkh01,SF,28,MIL,10,308,16.5,.599,.439,.252,2.3,15.2,9.0,13.7,1.2,0.3,13.0,23.4,,0.5,0.4,0.9,.145,,1.2,-0.9,0.2,0.2
300,C.J. Miles\milescj01,SG,32,WAS,9,140,12.5,.503,.596,.288,3.0,5.6,4.3,8.7,2.6,2.4,6.4,18.3,,0.1,0.0,0.2,.054,,0.1,-1.6,-1.5,0.0
301,Malcolm Miller\millema01,SF,26,TOR,5,25,4.7,.625,.750,.000,0.0,19.1,10.2,5.3,0.0,0.0,20.0,8.5,,0.0,0.0,0.0,.062,,-3.4,-0.3,-3.8,0.0
302,Patty Mills\millspa02,PG,31,SAS,17,381,17.0,.637,.551,.190,1.1,5.7,3.4,13.6,2.0,0.6,11.6,19.9,,0.8,0.1,0.9,.112,,3.3,-3.2,0.1,0.2
303,Paul Millsap\millspa01,PF,34,DEN,15,403,21.1,.633,.278,.431,8.4,16.3,12.3,7.6,1.7,2.5,8.5,19.9,,1.3,0.7,2.0,.239,,2.9,1.2,4.1,0.6
304,Shake Milton\miltosh01,SG,23,PHI,8,70,-1.0,.468,.586,.241,1.6,9.4,5.6,7.9,0.7,0.0,27.2,26.6,,-0.3,0.1,-0.2,-0.151,,-8.2,-3.8,-12.0,-0.2
305,Donovan Mitchell\mitchdo01,SG,23,UTA,16,560,22.0,.556,.285,.276,3.8,13.2,8.8,22.1,1.7,0.6,8.6,31.7,,1.1,1.0,2.1,.179,,3.2,0.6,3.9,0.8
306,Naz Mitrou-Long\mitrona01,SG,26,IND,3,43,10.6,.438,.688,.000,0.0,15.0,7.5,22.3,1.1,2.1,11.1,18.0,,0.0,0.1,0.0,.048,,-2.4,0.0,-2.4,0.0
307,Malik Monk\monkma01,SG,21,CHO,17,362,13.1,.571,.434,.159,1.5,13.0,7.0,17.2,0.8,1.0,15.3,21.7,,0.2,0.1,0.3,.036,,-0.9,-2.6,-3.5,-0.1
308,E'Twaun Moore\mooreet01,SG,30,NOP,12,264,13.2,.520,.375,.133,5.0,9.9,7.4,10.5,0.9,0.3,5.2,20.6,,0.3,0.0,0.3,.052,,0.0,-3.6,-3.6,-0.1
309,Ja Morant\moranja01,PG,20,MEM,14,393,18.1,.546,.145,.322,3.5,8.5,6.0,35.3,1.9,0.7,18.1,31.4,,0.2,0.1,0.3,.035,,0.5,-2.3,-1.8,0.0
310,Marcus Morris\morrima03,SF,30,NYK,17,574,16.5,.574,.392,.324,3.5,17.1,9.9,6.7,1.5,1.9,10.9,23.7,,0.8,0.4,1.2,.104,,0.4,-1.5,-1.1,0.1
311,Markieff Morris\morrima02,PF,30,DET,16,385,11.4,.576,.455,.210,2.1,16.7,9.5,10.6,1.4,0.4,16.6,21.0,,0.0,0.2,0.3,.035,,-1.3,-1.8,-3.1,-0.1
312,Monte Morris\morrimo01,PG,24,DEN,15,254,14.7,.482,.162,.182,1.6,9.8,5.6,30.2,1.2,0.7,8.6,19.7,,0.3,0.3,0.6,.110,,-1.4,-1.3,-2.6,0.0
313,Johnathan Motley\motlejo01,PF,24,LAC,2,4,11.7,.500,.333,.000,26.6,25.0,25.8,83.1,0.0,0.0,40.0,51.4,,0.0,0.0,0.0,-0.133,,2.8,5.0,7.8,0.0
314,Emmanuel Mudiay\mudiaem01,PG,23,UTA,13,216,15.1,.583,.236,.225,2.6,14.7,9.0,23.7,1.3,1.6,21.0,24.9,,0.0,0.4,0.4,.090,,-1.7,1.3,-0.4,0.1
315,Dejounte Murray\murrade01,PG,23,SAS,14,316,19.4,.543,.131,.320,6.0,24.9,15.2,28.1,3.3,1.3,19.6,23.0,,0.3,0.4,0.6,.095,,0.2,2.1,2.3,0.3
316,Jamal Murray\murraja01,PG,22,DEN,15,502,17.8,.533,.344,.178,2.7,12.5,7.4,24.2,2.3,0.9,11.9,25.8,,0.5,0.8,1.3,.127,,1.8,0.7,2.5,0.6
317,Džanan Musa\musadz01,SF,20,BRK,11,172,7.9,.457,.500,.393,3.7,16.8,10.3,10.5,1.6,0.0,17.6,19.1,,-0.2,0.2,-0.1,-0.017,,-4.7,-1.1,-5.8,-0.2
318,Mike Muscala\muscami01,C,28,OKC,12,146,6.9,.399,.760,.120,3.8,18.0,11.2,13.7,1.0,1.7,8.7,17.3,,-0.1,0.2,0.0,.004,,-2.9,-0.1,-3.0,0.0
319,Sviatoslav Mykhailiuk\mykhasv01,SF,22,DET,11,170,7.0,.610,.750,.056,0.7,6.8,3.7,12.2,0.8,0.5,23.0,12.2,,0.0,0.0,0.1,.018,,-1.7,-2.7,-4.5,-0.1
320,Abdel Nader\naderab01,SF,26,OKC,8,103,5.1,.501,.533,.300,3.3,12.3,7.9,4.2,0.9,2.4,24.5,19.1,,-0.2,0.1,-0.1,-0.058,,-6.1,-0.7,-6.8,-0.1
321,Larry Nance\nancela02,C,27,CLE,14,355,17.9,.621,.406,.248,7.7,22.3,14.8,8.0,2.2,1.2,10.4,15.1,,0.7,0.3,1.1,.144,,1.8,0.8,2.6,0.4
322,Shabazz Napier\napiesh01,PG,28,MIN,6,133,12.7,.470,.721,.372,0.8,10.7,5.7,27.4,3.1,1.8,19.3,18.9,,0.0,0.2,0.1,.046,,-1.8,0.0,-1.8,0.0
323,Raul Neto\netora01,PG,27,PHI,13,164,10.9,.576,.283,.043,0.7,9.4,5.1,18.5,2.0,1.0,23.0,15.7,,0.0,0.2,0.2,.066,,-2.9,-0.4,-3.4,-0.1
324,Georges Niang\niangge01,PF,26,UTA,11,95,8.2,.622,.609,.348,0.0,11.9,6.2,6.4,0.0,1.8,13.1,14.0,,0.1,0.1,0.2,.107,,-2.0,-0.1,-2.1,0.0
325,Nerlens Noel\noelne01,C,25,OKC,14,256,21.5,.685,.000,.422,7.4,20.2,14.0,14.8,3.0,7.0,19.2,16.1,,0.6,0.6,1.1,.215,,0.4,6.3,6.8,0.6
326,Zach Norvell\norveza01,SG,22,LAL,2,5,-5.7,.000,.000,.000,0.0,21.7,11.0,0.0,0.0,0.0,0.0,8.5,,0.0,0.0,0.0,-0.144,,-14.3,-2.6,-16.9,0.0
327,Jaylen Nowell\nowelja01,SG,20,MIN,2,15,3.0,.338,.750,.250,0.0,6.8,3.4,25.9,0.0,0.0,18.4,14.7,,0.0,0.0,0.0,-0.069,,-6.3,-4.9,-11.2,0.0
328,Frank Ntilikina\ntilila01,PG,21,NYK,16,430,10.7,.475,.410,.170,1.9,8.1,4.8,19.2,3.0,2.3,13.7,12.3,,0.2,0.4,0.6,.062,,-1.8,1.0,-0.8,0.1
329,Kendrick Nunn\nunnke01,SG,24,MIA,15,439,14.8,.571,.403,.104,0.6,8.8,4.9,18.7,2.2,0.9,14.0,25.1,,0.2,0.7,0.9,.096,,-0.2,-0.9,-1.1,0.1
330,David Nwaba\nwabada01,SF,27,BRK,10,99,8.5,.660,.300,1.000,3.2,18.8,11.1,4.0,0.9,4.9,25.8,8.1,,0.0,0.1,0.2,.077,,-4.5,2.4,-2.1,0.0
331,Royce O'Neale\onealro01,PF,26,UTA,16,464,9.4,.688,.556,.190,0.2,16.2,8.6,12.8,1.3,0.7,18.0,7.8,,0.6,0.8,1.4,.141,,-0.5,3.1,2.6,0.5
332,Kyle O'Quinn\oquinky01,C,29,PHI,13,120,16.5,.603,.364,.182,12.3,27.5,20.0,19.8,0.8,4.9,25.2,16.7,,0.1,0.2,0.3,.140,,-0.4,3.3,2.9,0.1
333,Semi Ojeleye\ojelese01,PF,25,BOS,15,164,5.7,.514,.519,.185,1.9,11.0,6.5,3.2,1.5,0.0,9.3,8.3,,0.0,0.2,0.2,.067,,-3.5,0.8,-2.7,0.0
334,Jahlil Okafor\okafoja01,C,24,NOP,10,178,21.9,.676,.000,.500,10.8,18.9,14.7,11.1,1.0,6.3,17.0,20.1,,0.5,0.1,0.6,.160,,0.6,1.5,2.1,0.2
335,Elie Okobo\okoboel01,PG,22,PHO,11,116,14.4,.495,.436,.436,0.9,10.5,5.7,31.7,1.2,0.0,6.1,18.2,,0.2,0.1,0.3,.121,,0.1,-2.7,-2.6,0.0
336,Josh Okogie\okogijo01,SG,21,MIN,14,348,12.7,.531,.359,.543,6.4,15.4,10.9,10.7,2.4,1.4,16.2,15.8,,0.2,0.4,0.6,.084,,-1.7,1.5,-0.1,0.2
337,KZ Okpala\okpalkz01,SF,20,MIA,2,3,-13.3,,,,0.0,36.0,19.0,0.0,0.0,0.0,100.0,14.3,,0.0,0.0,0.0,-0.374,,-22.8,-0.7,-23.5,0.0
338,Kelly Olynyk\olynyke01,C,28,MIA,15,345,11.8,.574,.638,.191,4.2,19.4,12.2,10.3,2.2,2.0,15.7,15.0,,0.2,0.7,0.9,.125,,-0.7,2.2,1.5,0.3
339,Miye Oni\onimi01,SG,22,UTA,1,2,0.0,,,,0.0,0.0,0.0,0.0,0.0,0.0,,0.0,,0.0,0.0,0.0,.039,,-5.7,2.1,-3.6,0.0
340,Cedi Osman\osmande01,SF,24,CLE,16,471,8.5,.496,.531,.123,1.8,13.0,7.3,11.0,1.6,0.5,12.7,14.3,,-0.1,0.2,0.1,.015,,-1.4,-0.2,-1.6,0.0
341,Kelly Oubre\oubreke01,SF,24,PHO,16,500,16.9,.570,.322,.384,5.0,15.7,10.3,8.7,2.1,1.6,9.5,23.3,,0.7,0.7,1.4,.130,,0.4,0.3,0.8,0.3
342,Jabari Parker\parkeja01,PF,24,ATL,16,438,19.2,.571,.294,.192,7.7,17.0,12.4,11.9,2.5,1.7,11.1,24.8,,0.6,0.2,0.9,.095,,1.9,-1.2,0.7,0.3
343,Chandler Parsons\parsoch01,SF,31,ATL,2,19,17.0,.571,.714,.000,5.9,11.7,8.8,0.0,7.4,0.0,12.5,17.5,,0.0,0.0,0.0,.083,,0.0,-1.5,-1.5,0.0
344,Eric Paschall\pascher01,PF,23,GSW,16,499,15.6,.573,.213,.356,4.2,13.3,8.7,8.2,0.7,1.0,8.6,21.5,,0.8,-0.1,0.7,.065,,-0.2,-3.3,-3.5,-0.2
345,Patrick Patterson\pattepa01,PF,30,LAC,15,233,9.2,.517,.762,.063,5.0,14.6,9.9,7.4,0.4,0.8,8.5,12.5,,0.2,0.2,0.4,.089,,-0.3,-0.5,-0.9,0.1
346,Justin Patton\pattoju01,C,22,OKC,1,6,-26.3,.000,.500,.000,0.0,35.1,18.1,0.0,0.0,0.0,33.3,21.9,,-0.1,0.0,-0.1,-0.532,,-25.1,-5.4,-30.5,0.0
347,Chris Paul\paulch01,PG,34,OKC,15,458,20.5,.609,.385,.497,1.0,13.1,7.2,29.5,3.0,0.0,14.0,21.9,,1.2,0.6,1.8,.191,,3.4,0.4,3.8,0.7
348,Elfrid Payton\paytoel01,PG,25,NYK,4,102,13.7,.506,.276,.207,3.0,9.9,6.3,21.9,4.8,0.0,18.1,16.1,,0.0,0.1,0.2,.077,,-1.5,0.9,-0.6,0.0
349,Theo Pinson\pinsoth01,SG,24,BRK,7,102,4.2,.372,.465,.140,0.0,9.1,4.6,17.9,2.7,0.0,16.5,22.1,,-0.3,0.1,-0.2,-0.101,,-6.8,-1.8,-8.6,-0.2
350,Mason Plumlee\plumlma01,C,29,DEN,15,244,18.7,.564,.028,.507,11.4,23.5,17.3,20.2,1.6,4.6,18.0,18.6,,0.4,0.5,0.9,.175,,-0.5,4.6,4.0,0.4
351,Vincent Poirier\poirivi01,C,26,BOS,5,29,9.6,.394,.000,.250,17.5,10.4,13.9,14.3,1.6,6.2,25.3,17.4,,0.0,0.1,0.0,.031,,-5.0,4.6,-0.4,0.0
352,Jakob Pöltl\poeltja01,C,24,SAS,17,289,17.8,.580,.000,.356,13.7,21.2,17.4,12.2,1.5,3.7,16.8,14.7,,0.5,0.2,0.8,.125,,0.3,1.7,2.0,0.3
353,Jordan Poole\poolejo01,SG,20,GSW,17,449,3.6,.384,.514,.182,0.7,9.5,5.0,12.4,1.2,0.8,10.9,20.5,,-1.0,-0.1,-1.1,-0.118,,-5.4,-3.4,-8.8,-0.8
354,Kevin Porter\porteke02,SF,19,CLE,15,307,8.0,.481,.344,.240,1.7,13.2,7.4,11.4,1.7,1.1,15.2,17.5,,-0.2,0.2,-0.1,-0.010,,-3.4,-0.4,-3.8,-0.1
355,Michael Porter\portemi01,PF,21,DEN,10,90,10.4,.493,.294,.235,9.1,18.0,13.5,6.7,0.0,3.1,13.8,20.7,,0.0,0.1,0.1,.051,,-4.1,-0.7,-4.7,-0.1
356,Otto Porter\porteot01,SF,26,CHI,9,226,13.6,.544,.476,.238,3.5,11.0,7.1,9.4,1.9,1.3,7.0,18.2,,0.3,0.2,0.5,.104,,0.1,-0.4,-0.4,0.1
357,Bobby Portis\portibo01,C,24,NYK,17,385,13.4,.482,.306,.102,7.8,22.5,14.8,8.9,1.5,1.3,9.4,20.0,,0.1,0.3,0.4,.052,,-2.3,-0.8,-3.1,-0.1
358,Kristaps Porziņģis\porzikr01,PF,24,DAL,15,469,17.8,.517,.379,.235,5.9,23.9,15.2,7.7,0.6,5.8,8.5,26.3,,0.4,0.7,1.0,.103,,-1.9,0.5,-1.4,0.1
359,Dwight Powell\poweldw01,C,28,DAL,13,330,12.0,.655,.097,.387,7.5,10.4,9.0,6.8,1.0,1.5,17.1,11.2,,0.5,0.2,0.8,.110,,0.2,0.6,0.8,0.2
360,Norman Powell\powelno01,SG,26,TOR,15,413,12.2,.577,.489,.227,1.9,12.0,7.3,8.5,1.1,1.1,12.4,18.3,,0.3,0.5,0.8,.095,,-0.5,0.3,-0.2,0.2
361,Julius Randle\randlju01,PF,25,NYK,17,563,14.0,.505,.255,.335,7.7,22.2,14.5,19.2,1.2,0.5,17.7,25.2,,-0.2,0.4,0.2,.018,,-1.5,-0.4,-1.8,0.0
362,Cam Reddish\reddica01,SF,20,ATL,14,344,4.6,.398,.421,.231,2.9,14.2,8.6,9.7,2.0,1.3,17.9,19.6,,-0.9,0.1,-0.8,-0.106,,-6.0,-1.3,-7.4,-0.5
363,J.J. Redick\redicjj01,SG,35,NOP,16,444,15.2,.648,.693,.283,0.9,10.3,5.4,9.4,0.7,1.0,11.4,19.2,,1.0,0.0,0.9,.098,,2.7,-3.3,-0.6,0.2
364,Josh Richardson\richajo01,SG,26,PHI,14,458,14.1,.563,.397,.251,2.2,9.6,6.0,17.0,1.9,1.5,15.0,21.5,,0.4,0.6,1.0,.109,,0.3,-0.1,0.2,0.3
365,Austin Rivers\riverau01,SG,27,HOU,17,404,8.3,.502,.566,.156,2.8,7.8,5.3,7.3,0.9,0.4,7.1,14.0,,0.2,0.2,0.4,.043,,-1.9,-1.7,-3.6,-0.2
366,Duncan Robinson\robindu01,SF,25,MIA,15,381,11.5,.626,.802,.083,0.6,9.9,5.5,3.9,1.1,1.8,8.1,15.3,,0.4,0.5,0.9,.119,,0.7,-0.7,0.0,0.2
367,Glenn Robinson\robingl02,SF,26,GSW,17,534,13.0,.564,.317,.118,6.1,11.4,8.7,9.2,1.4,0.3,8.6,14.5,,0.7,0.0,0.6,.058,,0.3,-1.8,-1.4,0.1
368,Jerome Robinson\robinje01,SG,22,LAC,12,128,8.1,.501,.512,.049,0.0,8.6,4.4,14.0,1.5,3.5,17.7,16.3,,-0.1,0.2,0.1,.038,,-3.3,0.8,-2.5,0.0
369,Justin Robinson\robinju01,PG,22,WAS,4,12,9.0,.500,.200,.000,8.8,18.5,13.6,21.4,0.0,0.0,28.6,23.8,,0.0,0.0,0.0,-0.094,,-5.2,-3.1,-8.4,0.0
370,Mitchell Robinson\robinmi01,C,21,NYK,13,245,27.9,.740,.000,.464,15.6,18.8,17.1,6.4,1.6,11.0,11.7,16.3,,1.0,0.4,1.4,.275,,3.0,4.9,7.9,0.6
371,Rajon Rondo\rondora01,PG,33,LAL,6,128,15.1,.480,.408,.143,2.6,13.6,8.1,36.3,2.2,0.0,16.1,20.6,,0.1,0.2,0.3,.116,,-0.5,-0.7,-1.2,0.0
372,Derrick Rose\rosede01,PG,31,DET,11,264,23.2,.610,.133,.280,1.8,7.4,4.6,40.7,2.0,1.6,18.3,32.2,,0.5,0.2,0.7,.126,,2.6,-2.7,-0.1,0.1
373,Terrence Ross\rosste01,SG,28,ORL,13,307,10.1,.483,.603,.184,1.6,12.2,6.7,6.8,2.1,0.9,10.4,23.1,,-0.3,0.4,0.1,.017,,-2.2,-1.2,-3.4,-0.1
374,Terry Rozier\roziete01,PG,25,CHO,17,546,14.5,.548,.432,.243,2.3,11.0,6.5,22.3,1.8,0.5,16.5,25.3,,0.3,0.2,0.5,.040,,0.2,-2.0,-1.8,0.0
375,Ricky Rubio\rubiori01,PG,29,PHO,11,339,15.7,.497,.287,.295,1.9,18.9,10.3,37.7,2.1,0.0,14.3,20.2,,0.4,0.4,0.9,.122,,0.2,0.8,1.0,0.3
376,D'Angelo Russell\russeda01,SG,23,GSW,10,315,21.8,.571,.422,.316,0.7,11.8,6.1,39.2,1.2,1.4,13.8,32.9,,0.5,0.0,0.5,.075,,5.2,-3.7,1.5,0.3
377,Domantas Sabonis\sabondo01,C,23,IND,13,444,20.8,.561,.081,.279,12.2,30.0,21.1,16.3,0.8,1.8,14.0,24.8,,0.8,0.8,1.6,.177,,0.6,2.4,3.0,0.6
378,JaKarr Sampson\sampsja02,SF,26,IND,9,166,10.0,.567,.244,.171,4.6,11.0,7.8,3.3,1.5,3.2,12.0,12.9,,0.1,0.3,0.3,.097,,-2.4,1.9,-0.5,0.1
379,Dario Šarić\saricda01,PF,25,PHO,16,431,12.6,.538,.497,.131,5.5,21.5,13.5,10.7,1.7,1.0,12.5,17.4,,0.2,0.6,0.8,.086,,-0.6,1.2,0.6,0.3
380,Tomáš Satoranský\satorto01,PG,28,CHI,17,433,14.2,.571,.395,.151,2.8,9.9,6.2,28.6,2.8,0.7,21.1,15.3,,0.5,0.5,1.0,.106,,-0.2,0.3,0.1,0.2
381,Admiral Schofield\schofad01,SF,22,WAS,6,52,17.5,.935,.700,.400,4.1,12.8,8.3,2.4,0.0,0.0,0.0,9.2,,0.2,0.0,0.2,.188,,4.8,-4.5,0.3,0.0
382,Dennis Schröder\schrode01,PG,26,OKC,15,431,12.6,.512,.332,.219,1.8,14.4,8.3,23.3,1.5,0.8,17.0,26.3,,-0.3,0.4,0.1,.014,,-2.1,-0.3,-2.4,0.0
383,Mike Scott\scottmi01,PF,31,PHI,16,297,10.2,.581,.578,.060,4.6,17.0,10.9,4.6,0.5,0.3,7.6,13.1,,0.3,0.3,0.7,.108,,-0.6,-1.5,-2.1,0.0
384,Thabo Sefolosha\sefolth01,PF,35,HOU,14,153,8.6,.392,.622,.000,6.6,16.5,11.6,12.0,1.8,2.2,9.8,10.8,,0.0,0.2,0.2,.056,,-3.0,1.4,-1.6,0.0
385,Collin Sexton\sextoco01,SG,21,CLE,16,484,14.5,.523,.256,.244,2.6,8.6,5.6,12.2,1.3,0.2,9.6,26.7,,0.2,0.1,0.3,.031,,-0.5,-3.0,-3.5,-0.2
386,Landry Shamet\shamela01,SG,22,LAC,10,294,6.3,.559,.753,.130,0.0,5.1,2.6,7.7,0.6,0.3,12.8,13.1,,0.1,0.2,0.4,.058,,-0.5,-1.4,-1.9,0.0
387,Iman Shumpert\shumpim01,SG,29,BRK,5,94,3.9,.460,.680,.200,3.4,11.0,7.2,2.9,2.0,0.0,20.5,15.0,,-0.2,0.1,-0.1,-0.043,,-5.0,-1.3,-6.2,-0.1
388,Pascal Siakam\siakapa01,PF,25,TOR,15,554,20.3,.572,.306,.250,4.8,17.8,11.7,18.9,1.0,1.7,11.5,29.4,,1.0,0.9,1.8,.159,,2.0,0.9,2.9,0.7
389,Chris Silva\silvach01,PF,23,MIA,15,148,17.5,.694,.059,.471,24.6,22.6,23.5,11.3,1.3,7.9,34.9,18.3,,0.2,0.3,0.5,.169,,-0.4,5.0,4.7,0.2
390,Ben Simmons\simmobe01,PG,23,PHI,14,465,18.0,.567,.007,.326,4.6,17.0,10.9,34.1,3.3,1.6,23.3,19.1,,0.5,0.9,1.4,.147,,0.0,3.2,3.2,0.6
391,Anfernee Simons\simonan01,SG,20,POR,17,366,13.5,.553,.487,.205,1.1,7.5,4.3,10.3,1.3,0.4,8.1,21.0,,0.4,0.1,0.5,.065,,0.4,-2.9,-2.6,-0.1
392,Marcus Smart\smartma01,SG,25,BOS,15,482,14.3,.518,.637,.131,2.5,8.5,5.6,22.4,2.0,1.3,8.3,17.1,,0.7,0.7,1.3,.134,,1.7,0.8,2.5,0.5
393,Dennis Smith\smithde03,PG,22,NYK,10,150,6.9,.427,.290,.129,3.4,5.3,4.3,26.3,1.3,0.7,16.6,22.2,,-0.2,0.0,-0.2,-0.049,,-4.2,-3.6,-7.8,-0.2
394,Ish Smith\smithis01,PG,31,WAS,14,342,11.4,.476,.278,.093,3.1,11.7,7.3,20.9,1.2,1.7,12.5,15.3,,0.2,0.0,0.2,.030,,-1.5,-1.0,-2.5,0.0
395,Tony Snell\snellto01,SF,28,DET,13,352,11.2,.633,.710,.043,1.7,4.6,3.1,9.5,1.0,0.5,6.0,12.4,,0.6,0.1,0.7,.094,,2.0,-2.6,-0.6,0.1
396,Omari Spellman\spellom01,PF,22,GSW,16,281,16.2,.530,.313,.303,14.9,18.6,16.7,9.7,1.7,2.5,16.4,20.0,,0.2,0.1,0.3,.055,,-0.5,-0.9,-1.4,0.0
397,Max Strus\strusma01,SG,23,CHI,1,5,37.0,.727,.333,.333,19.9,0.0,10.3,0.0,0.0,0.0,0.0,28.3,,0.0,0.0,0.0,.385,,10.0,-10.5,-0.4,0.0
398,Edmond Sumner\sumneed01,PG,24,IND,3,67,12.3,.520,.167,.278,1.6,3.2,2.4,12.2,3.6,1.3,4.7,13.6,,0.1,0.1,0.2,.138,,-1.4,1.4,0.0,0.0
399,Caleb Swanigan\swanica01,PF,22,SAC,4,11,6.4,.521,.000,1.000,10.2,32.0,20.9,0.0,4.4,16.8,51.0,23.2,,-0.1,0.0,0.0,-0.155,,-16.3,7.4,-8.9,0.0
400,Jayson Tatum\tatumja01,PF,21,BOS,15,513,16.7,.511,.351,.210,4.2,16.4,10.3,11.9,2.0,1.8,8.5,27.3,,0.2,0.9,1.1,.099,,-0.6,0.8,0.3,0.3
401,Jeff Teague\teaguje01,PG,31,MIN,12,345,17.5,.557,.261,.530,1.8,7.6,4.7,38.4,1.5,0.9,16.0,19.8,,0.8,0.2,1.0,.140,,0.5,-2.5,-2.0,0.0
402,Garrett Temple\templga01,SG,33,BRK,16,399,11.1,.536,.714,.185,2.1,9.3,5.8,8.8,2.0,1.8,8.5,14.5,,0.3,0.4,0.7,.082,,-0.2,0.2,0.0,0.2
403,Daniel Theis\theisda01,C,27,BOS,13,295,14.0,.518,.169,.352,7.6,25.2,16.4,8.1,1.3,6.4,10.9,13.3,,0.3,0.7,0.9,.152,,-3.0,5.3,2.3,0.3
404,Isaiah Thomas\thomais02,PG,30,WAS,12,296,14.7,.555,.444,.083,0.4,6.8,3.5,30.3,0.8,0.9,15.4,22.5,,0.4,-0.1,0.3,.050,,0.6,-4.9,-4.2,-0.2
405,Khyri Thomas\thomakh01,SG,23,DET,2,6,4.0,.568,,,0.0,0.0,0.0,0.0,0.0,0.0,0.0,6.3,,0.0,0.0,0.0,.028,,-4.1,-3.3,-7.3,0.0
406,Matt Thomas\thomama02,SG,25,TOR,12,136,13.1,.727,.703,.135,0.8,8.4,4.9,4.2,1.4,0.0,9.3,13.5,,0.3,0.2,0.4,.146,,1.9,-1.0,0.9,0.1
407,Tristan Thompson\thomptr01,C,28,CLE,15,473,21.1,.557,.039,.268,13.6,20.2,16.8,12.6,1.3,3.6,10.3,20.2,,1.0,0.4,1.4,.143,,1.6,1.9,3.4,0.7
408,Matisse Thybulle\thybuma01,SG,22,PHI,15,221,6.7,.455,.510,.275,2.1,5.5,3.8,8.6,4.3,4.2,23.9,14.3,,-0.4,0.5,0.1,.030,,-4.2,3.9,-0.3,0.1
409,Anthony Tolliver\tollian01,PF,34,POR,14,258,6.1,.459,.796,.204,3.5,15.7,9.6,5.4,0.5,1.9,14.5,11.1,,-0.1,0.1,0.0,.002,,-3.1,-0.3,-3.4,-0.1
410,Karl-Anthony Towns\townska01,C,24,MIN,14,465,29.0,.663,.520,.320,7.9,30.1,19.0,19.3,1.7,3.6,13.7,28.1,,1.7,0.8,2.5,.254,,7.2,2.3,9.5,1.3
411,Gary Trent\trentga02,SG,21,POR,11,93,15.0,.621,.697,.000,3.3,9.8,6.5,7.8,1.0,1.8,5.7,15.6,,0.2,0.0,0.2,.121,,1.9,-2.0,-0.1,0.0
412,Allonzo Trier\trieral01,PG,24,NYK,8,117,12.2,.659,.588,.618,0.9,10.6,5.4,16.0,0.8,2.6,24.5,20.8,,0.1,0.0,0.2,.062,,-1.1,-2.3,-3.4,0.0
413,P.J. Tucker\tuckepj01,PF,34,HOU,17,593,12.0,.688,.629,.121,4.1,13.3,8.7,5.3,1.8,1.3,11.6,9.4,,1.0,0.5,1.5,.125,,1.0,1.3,2.2,0.6
414,Evan Turner\turneev01,PG,31,ATL,8,100,13.3,.563,.063,.313,3.4,13.4,8.4,21.0,2.3,0.9,19.8,18.9,,0.1,0.0,0.1,.046,,-2.4,-1.5,-4.0,0.0
415,Myles Turner\turnemy01,C,23,IND,7,219,15.7,.596,.432,.149,6.4,17.7,12.1,4.5,0.9,6.1,15.1,18.2,,0.2,0.4,0.6,.124,,-1.1,2.7,1.7,0.2
416,Jonas Valančiūnas\valanjo01,C,27,MEM,15,352,16.7,.593,.171,.164,9.0,31.8,20.4,12.6,0.4,2.2,18.0,21.5,,0.3,0.3,0.6,.075,,-1.6,-0.2,-1.8,0.0
417,Denzel Valentine\valende01,SF,26,CHI,3,11,33.2,.667,.778,.000,9.0,29.4,18.8,20.3,0.0,0.0,10.0,37.4,,0.0,0.0,0.0,.194,,12.0,-4.4,7.6,0.0
418,Jarred Vanderbilt\vandeja01,SF,20,DEN,3,9,0.5,,,,0.0,24.0,11.7,13.4,0.0,0.0,100.0,4.8,,0.0,0.0,0.0,-0.047,,-10.7,2.7,-8.0,0.0
419,Fred VanVleet\vanvlfr01,PG,25,TOR,15,570,16.0,.537,.446,.299,0.6,9.4,5.3,29.3,2.2,0.3,13.3,21.9,,0.9,0.8,1.7,.142,,1.4,0.2,1.6,0.5
420,Noah Vonleh\vonleno01,C,24,MIN,14,177,12.5,.555,.233,.442,9.8,19.5,14.6,11.7,1.0,1.4,20.2,14.7,,0.2,0.2,0.3,.089,,-2.5,0.5,-2.0,0.0
421,Nikola Vučević\vucevni01,C,29,ORL,14,431,22.3,.524,.237,.185,9.6,31.0,19.8,20.1,1.0,3.0,8.1,24.9,,0.8,0.7,1.5,.165,,1.7,2.6,4.3,0.7
422,Dean Wade\wadede01,PF,23,CLE,3,18,6.7,.750,.500,.000,0.0,12.2,6.0,0.0,2.7,0.0,0.0,4.8,,0.0,0.0,0.0,.088,,-2.2,-1.0,-3.2,0.0
423,Moritz Wagner\wagnemo01,C,22,WAS,14,264,21.1,.732,.330,.245,8.0,25.7,16.6,8.8,1.4,3.5,21.4,23.1,,0.6,0.2,0.7,.132,,2.1,-0.4,1.7,0.2
424,Kemba Walker\walkeke02,PG,29,BOS,15,485,20.1,.563,.524,.288,3.1,11.2,7.2,23.3,1.4,1.5,10.2,27.5,,1.0,0.7,1.7,.166,,4.1,-0.2,3.9,0.7
425,Lonnie Walker\walkelo01,SG,21,SAS,10,49,-1.7,.274,.118,.412,2.1,17.8,9.8,10.4,0.0,1.7,13.0,19.8,,-0.2,0.0,-0.2,-0.211,,-11.0,-2.8,-13.7,-0.1
426,Tyrone Wallace\wallaty01,SG,25,ATL,11,129,4.9,.412,.286,.486,2.6,13.8,8.2,12.7,1.8,0.0,17.5,16.6,,-0.2,0.0,-0.2,-0.068,,-5.7,-2.3,-8.0,-0.2
427,Taurean Waller-Prince\princta02,SF,25,BRK,16,478,10.5,.534,.586,.138,2.9,19.2,11.2,8.4,1.4,0.8,15.0,19.5,,-0.1,0.5,0.3,.035,,-1.9,-0.5,-2.4,-0.1
428,Derrick Walton\waltode01,PG,24,LAC,3,9,8.7,1.500,1.000,.000,0.0,0.0,0.0,15.0,0.0,0.0,50.0,9.1,,0.0,0.0,0.0,.091,,1.2,-7.1,-5.9,0.0
429,Brad Wanamaker\wanambr01,PG,30,BOS,15,253,17.3,.664,.258,.500,1.2,9.9,5.6,24.1,2.5,0.7,18.3,16.6,,0.6,0.4,1.0,.192,,0.6,0.6,1.2,0.2
430,T.J. Warren\warretj01,SF,26,IND,15,502,12.8,.528,.193,.165,2.2,9.4,5.8,4.8,1.7,1.1,7.9,21.7,,0.2,0.7,0.9,.085,,-2.1,-0.1,-2.2,0.0
431,PJ Washington\washipj01,PF,21,CHO,17,478,14.1,.589,.356,.240,3.4,17.8,10.3,8.6,1.9,2.6,12.5,16.6,,0.5,0.4,0.8,.084,,-0.8,0.7,-0.1,0.2
432,Yuta Watanabe\watanyu01,SG,25,MEM,1,3,49.4,1.000,.000,.000,0.0,35.9,17.8,0.0,0.0,0.0,0.0,27.6,,0.0,0.0,0.0,.444,,10.1,-10.8,-0.7,0.0
433,Russell Westbrook\westbru01,PG,31,HOU,15,502,17.7,.496,.298,.342,4.2,18.5,11.4,34.1,2.2,0.8,15.2,31.9,,0.2,0.6,0.7,.069,,-0.3,0.7,0.4,0.3
434,Coby White\whiteco01,SG,19,CHI,17,432,12.2,.496,.466,.152,1.1,14.2,7.4,14.7,1.5,0.0,9.8,25.2,,-0.1,0.4,0.3,.028,,-1.3,-2.0,-3.4,-0.1
435,Derrick White\whitede01,SG,25,SAS,15,354,13.7,.564,.264,.418,3.0,9.6,6.2,15.6,1.1,2.8,13.3,17.8,,0.5,0.1,0.6,.080,,-0.2,-1.1,-1.3,0.1
436,Hassan Whiteside\whiteha01,C,30,POR,14,394,23.0,.630,.000,.364,13.6,29.6,21.6,5.2,0.6,5.2,14.9,20.5,,1.0,0.5,1.5,.179,,-0.8,1.0,0.2,0.2
437,Andrew Wiggins\wiggian01,SF,24,MIN,13,452,20.2,.545,.320,.215,3.8,11.2,7.5,18.4,0.8,2.6,7.4,29.1,,0.8,0.3,1.1,.115,,2.1,-1.4,0.7,0.3
438,Grant Williams\willigr01,PF,21,BOS,14,224,4.7,.356,.432,.341,5.4,10.3,7.9,8.1,1.7,3.6,19.2,11.9,,-0.3,0.4,0.0,.007,,-5.5,3.4,-2.1,0.0
439,Kenrich Williams\willike04,PF,25,NOP,17,430,11.3,.525,.614,.205,7.3,18.7,12.8,9.6,1.8,2.8,12.6,9.8,,0.5,0.3,0.7,.079,,-0.2,1.7,1.6,0.4
440,Lou Williams\willilo02,SG,33,LAC,17,547,20.0,.562,.283,.427,2.3,9.0,5.7,28.7,0.8,0.5,13.1,29.4,,1.3,0.5,1.8,.157,,2.5,-1.9,0.6,0.4
441,Marvin Williams\willima02,PF,33,CHO,17,330,13.4,.656,.565,.196,2.3,12.6,7.2,5.0,1.5,1.3,9.9,14.4,,0.5,0.1,0.7,.099,,0.4,-1.5,-1.0,0.1
442,Robert Williams\williro04,C,22,BOS,13,184,20.9,.760,.000,.344,7.7,25.1,16.5,15.7,2.9,7.8,23.0,11.1,,0.4,0.5,0.9,.246,,0.0,8.2,8.2,0.5
443,Nigel Williams-Goss\willini01,PG,25,UTA,4,8,-14.4,.000,.500,.000,0.0,0.0,0.0,16.1,0.0,0.0,33.3,16.3,,-0.1,0.0,-0.1,-0.348,,-16.9,-4.6,-21.4,0.0
444,D.J. Wilson\wilsodj01,PF,23,MIL,7,55,8.2,.475,.700,.000,5.6,13.6,9.8,12.1,0.0,1.6,16.7,17.8,,0.0,0.1,0.0,.024,,-2.7,-1.4,-4.1,0.0
445,Justise Winslow\winslju01,SF,23,MIA,5,181,9.2,.434,.167,.236,6.0,18.5,12.6,20.1,1.3,1.6,16.8,22.6,,-0.3,0.3,0.0,.010,,-5.1,1.3,-3.7,-0.1
446,Christian Wood\woodch01,PF,24,DET,14,206,23.2,.685,.324,.437,8.5,24.5,16.6,4.8,0.9,6.4,12.4,20.3,,0.5,0.3,0.8,.185,,1.0,0.2,1.1,0.2
447,Delon Wright\wrighde01,SG,27,DAL,16,360,17.6,.579,.260,.280,3.6,12.1,7.9,19.0,2.5,1.4,8.2,14.3,,0.9,0.4,1.3,.177,,1.6,1.1,2.7,0.4
448,Thaddeus Young\youngth01,PF,31,CHI,17,373,12.5,.479,.399,.146,8.3,12.1,10.1,12.2,2.1,1.5,13.4,21.4,,-0.2,0.4,0.2,.032,,-1.6,0.2,-1.3,0.1
449,Trae Young\youngtr01,PG,21,ATL,15,511,22.8,.571,.432,.373,1.5,12.9,7.2,44.0,2.2,0.2,17.3,33.4,,0.9,0.1,1.1,.099,,5.9,-2.7,3.2,0.7
450,Cody Zeller\zelleco01,C,27,CHO,16,401,17.2,.574,.212,.328,13.8,24.1,18.8,8.3,1.0,1.3,13.8,19.5,,0.7,0.2,0.9,.108,,-0.2,-1.0,-1.2,0.1
451,Ante Žižić\zizican01,C,23,CLE,4,64,13.9,.594,.000,.278,8.2,15.4,11.8,0.0,0.8,1.3,4.7,14.2,,0.1,0.0,0.1,.111,,-3.0,-4.2,-7.2,-0.1
452,Ivica Zubac\zubaciv01,C,22,LAC,17,272,25.1,.645,.011,.446,16.8,28.3,22.7,9.1,0.5,7.0,12.7,19.1,,1.0,0.6,1.5,.270,,1.5,3.5,5.0,0.5
